millis,Ngon_1,Ngon_2,Ngon_3,Ngon_4,Ngon_5,X,Y,Z,mlabel,infile,norm_Ngon_1,norm_Ngon_2,norm_Ngon_3,norm_Ngon_4,norm_Ngon_5,norm_X,norm_Y,norm_Z,bin_0_norm_Ngon_1,bin_1_norm_Ngon_1,bin_2_norm_Ngon_1,bin_3_norm_Ngon_1,bin_0_norm_Ngon_2,bin_1_norm_Ngon_2,bin_2_norm_Ngon_2,bin_3_norm_Ngon_2,bin_0_norm_Ngon_3,bin_1_norm_Ngon_3,bin_2_norm_Ngon_3,bin_3_norm_Ngon_3,bin_0_norm_Ngon_4,bin_1_norm_Ngon_4,bin_2_norm_Ngon_4,bin_3_norm_Ngon_4,bin_0_norm_Ngon_5,bin_1_norm_Ngon_5,bin_2_norm_Ngon_5,bin_3_norm_Ngon_5,bin_0_norm_X,bin_1_norm_X,bin_2_norm_X,bin_3_norm_X,bin_0_norm_Y,bin_1_norm_Y,bin_2_norm_Y,bin_3_norm_Y,bin_0_norm_Z,bin_1_norm_Z,bin_2_norm_Z,bin_3_norm_Z,longestPosEdge,longestNegEdge,longestPosCount,longestNegCount,label
3003,273,192,210,159,274,-7.26,-7.18,1.73,0,c_1_labelled.csv,0.7275,0.66,0.675,0.6325,0.7283333333333334,0.4637,0.46409999999999996,0.50865,0,0,0,0,0,0,0,0,0,0,0,0,0,0,0,0,0,0,0,0,0,0,0,0,0,0,0,0,0,0,0,0,0,0,0,0,0
3103,274,190,206,151,219,-7.06,-7.02,2.04,0,c_1_labelled.csv,0.7283333333333334,0.6583333333333333,0.6716666666666666,0.6258333333333334,0.6825,0.4647,0.46490000000000004,0.5102,0,0,0,0,0,0,0,0,0,0,0,0,0,0,0,0,0,0,0,0,0,0,0,0,0,0,0,0,0,0,0,0,0,0,0,0,0
3203,267,188,204,148,215,-7.45,-7.34,2.0,0,c_1_labelled.csv,0.7225,0.6566666666666666,0.67,0.6233333333333333,0.6791666666666667,0.46275,0.4633,0.51,0,0,0,0,0,0,0,0,0,0,0,0,0,0,0,0,0,0,0,0,0,0,0,0,0,0,0,0,0,0,0,0,0,0,0,0,0
3303,261,188,204,148,223,-7.3,-7.18,2.16,0,c_1_labelled.csv,0.7175,0.6566666666666666,0.67,0.6233333333333333,0.6858333333333333,0.4635,0.46409999999999996,0.5108,0,0,0,0,0,0,0,0,0,0,0,0,0,0,0,0,0,0,0,0,0,0,0,0,0,0,0,0,0,0,0,0,0,0,0,0,0
3403,254,186,204,147,241,-7.41,-7.02,2.28,0,c_1_labelled.csv,0.7116666666666667,0.655,0.67,0.6225,0.7008333333333333,0.46295000000000003,0.46490000000000004,0.5114,0,0,0,0,0,0,0,0,0,0,0,0,0,0,0,0,0,0,0,0,0,0,0,0,0,0,0,0,0,0,0,0,0,0,0,0,0
3503,249,187,204,147,227,-7.57,-6.79,2.16,0,c_1_labelled.csv,0.7075,0.6558333333333334,0.67,0.6225,0.6891666666666667,0.46215000000000006,0.46604999999999996,0.5108,0,0,0,0,0,0,0,0,0,0,0,0,0,0,0,0,0,0,0,0,0,0,0,0,0,0,0,0,0,0,0,0,0,0,0,0,0
3603,247,185,204,146,224,-7.53,-6.83,1.92,0,c_1_labelled.csv,0.7058333333333333,0.6541666666666667,0.67,0.6216666666666667,0.6866666666666666,0.46235,0.46585,0.5096,0,0,0,0,0,0,0,0,0,0,0,0,0,0,0,0,0,0,0,0,0,0,0,0,0,0,0,0,0,0,0,0,0,0,0,0,0
3703,245,187,204,147,223,-7.41,-6.9,2.0,0,c_1_labelled.csv,0.7041666666666667,0.6558333333333334,0.67,0.6225,0.6858333333333333,0.46295000000000003,0.46549999999999997,0.51,0,0,8,0,0,0,8,0,0,0,8,0,0,0,8,0,0,0,8,0,0,8,0,0,0,8,0,0,0,0,8,0,0,-1,8,0,0
3803,245,187,205,147,214,-7.45,-6.9,2.0,0,c_1_labelled.csv,0.7041666666666667,0.6558333333333334,0.6708333333333333,0.6225,0.6783333333333333,0.46275,0.46549999999999997,0.51,0,0,8,0,0,0,8,0,0,0,8,0,0,0,8,0,0,0,8,0,0,8,0,0,0,8,0,0,0,0,8,0,0,-1,8,0,0
3903,245,185,205,147,205,-7.53,-6.75,1.92,0,c_1_labelled.csv,0.7041666666666667,0.6541666666666667,0.6708333333333333,0.6225,0.6708333333333333,0.46235,0.46625,0.5096,0,0,8,0,0,0,8,0,0,0,8,0,0,0,8,0,0,0,8,0,0,8,0,0,0,8,0,0,0,0,8,0,0,-1,8,0,0
4003,253,191,208,155,214,-7.69,-6.79,1.92,0,c_1_labelled.csv,0.7108333333333333,0.6591666666666667,0.6733333333333333,0.6291666666666667,0.6783333333333333,0.46155,0.46604999999999996,0.5096,0,0,8,0,0,0,8,0,0,0,8,0,0,0,8,0,0,0,8,0,0,8,0,0,0,8,0,0,0,0,8,0,0,-1,8,0,0
4103,259,202,233,180,232,-7.02,-6.59,1.77,0,c_1_labelled.csv,0.7158333333333333,0.6683333333333333,0.6941666666666667,0.65,0.6933333333333334,0.46490000000000004,0.46704999999999997,0.50885,0,0,8,0,0,0,8,0,0,0,8,0,0,0,8,0,0,0,8,0,0,8,0,0,0,8,0,0,0,0,8,0,0,-1,8,0,0
4203,247,225,280,213,248,-7.18,-7.1,0.98,0,c_1_labelled.csv,0.7058333333333333,0.6875,0.7333333333333333,0.6775,0.7066666666666667,0.46409999999999996,0.4645,0.5049,0,0,8,0,0,0,8,0,0,0,8,0,0,0,8,0,0,0,8,0,0,8,0,0,0,8,0,0,0,0,8,0,0,-1,8,0,0
4303,248,255,325,245,283,-7.18,-7.37,0.67,4,c_1_labelled.csv,0.7066666666666667,0.7125,0.7708333333333334,0.7041666666666667,0.7358333333333333,0.46409999999999996,0.46314999999999995,0.50335,0,0,8,0,0,0,8,0,0,0,7,1,0,0,8,0,0,0,8,0,0,8,0,0,0,8,0,0,0,0,8,0,0,-1,8,0,0
4403,249,275,342,258,318,-7.02,-7.34,0.47,4,c_1_labelled.csv,0.7075,0.7291666666666666,0.785,0.715,0.765,0.46490000000000004,0.4633,0.50235,0,0,8,0,0,0,8,0,0,0,6,2,0,0,8,0,0,0,7,1,0,8,0,0,0,8,0,0,0,0,8,0,0,-1,8,0,0
4503,252,286,350,260,292,-7.26,-7.34,0.27,4,c_1_labelled.csv,0.71,0.7383333333333333,0.7916666666666666,0.7166666666666667,0.7433333333333333,0.4637,0.4633,0.50135,0,0,8,0,0,0,8,0,0,0,5,3,0,0,8,0,0,0,7,1,0,8,0,0,0,8,0,0,0,0,8,0,0,-1,8,0,0
4603,257,289,349,262,329,-7.02,-7.49,0.39,4,c_1_labelled.csv,0.7141666666666666,0.7408333333333333,0.7908333333333334,0.7183333333333334,0.7741666666666667,0.46490000000000004,0.46255,0.50195,0,0,8,0,0,0,8,0,0,0,4,4,0,0,8,0,0,0,6,2,0,8,0,0,0,8,0,0,0,0,8,0,0,-1,8,0,4
4703,260,289,347,263,336,-7.1,-7.3,0.0,4,c_1_labelled.csv,0.7166666666666667,0.7408333333333333,0.7891666666666667,0.7191666666666666,0.78,0.4645,0.4635,0.5,0,0,8,0,0,0,8,0,0,0,3,5,0,0,8,0,0,0,5,3,0,8,0,0,0,8,0,0,0,0,8,0,0,-1,8,0,4
4803,258,289,346,263,325,-7.06,-7.26,0.0,4,c_1_labelled.csv,0.715,0.7408333333333333,0.7883333333333333,0.7191666666666666,0.7708333333333334,0.4647,0.4637,0.5,0,0,8,0,0,0,8,0,0,0,2,6,0,0,8,0,0,0,4,4,0,8,0,0,0,8,0,0,0,0,8,0,0,-1,8,0,4
4903,256,287,345,262,313,-7.14,-7.22,0.04,4,c_1_labelled.csv,0.7133333333333334,0.7391666666666666,0.7875,0.7183333333333334,0.7608333333333334,0.4643,0.4639,0.5002,0,0,8,0,0,0,8,0,0,0,1,7,0,0,8,0,0,0,3,5,0,8,0,0,0,8,0,0,0,0,8,0,0,-1,8,0,4
5003,257,286,342,262,312,-6.94,-7.34,0.12,4,c_1_labelled.csv,0.7141666666666666,0.7383333333333333,0.785,0.7183333333333334,0.76,0.4653,0.4633,0.5006,0,0,8,0,0,0,8,0,0,0,0,8,0,0,8,0,0,0,2,6,0,8,0,0,0,8,0,0,0,0,8,0,0,-1,8,0,4
5103,260,282,338,262,293,-7.1,-7.49,0.43,4,c_1_labelled.csv,0.7166666666666667,0.735,0.7816666666666666,0.7183333333333334,0.7441666666666666,0.4645,0.46255,0.50215,0,0,8,0,0,0,8,0,0,0,0,8,0,0,8,0,0,0,2,6,0,8,0,0,0,8,0,0,0,0,8,0,0,-1,8,0,4
5203,257,280,339,261,292,-7.14,-7.26,0.04,4,c_1_labelled.csv,0.7141666666666666,0.7333333333333333,0.7825,0.7175,0.7433333333333333,0.4643,0.4637,0.5002,0,0,8,0,0,0,8,0,0,0,0,8,0,0,8,0,0,0,3,5,0,8,0,0,0,8,0,0,0,0,8,0,0,-1,8,0,4
5303,257,274,333,257,288,-7.06,-7.34,0.04,4,c_1_labelled.csv,0.7141666666666666,0.7283333333333334,0.7775,0.7141666666666666,0.74,0.4647,0.4633,0.5002,0,0,8,0,0,0,8,0,0,0,0,8,0,0,8,0,0,0,3,5,0,8,0,0,0,8,0,0,0,0,8,0,0,-1,8,0,4
5403,254,252,306,236,275,-7.02,-7.61,1.18,4,c_1_labelled.csv,0.7116666666666667,0.71,0.755,0.6966666666666667,0.7291666666666666,0.46490000000000004,0.46195,0.5059,0,0,8,0,0,0,8,0,0,0,0,8,0,0,8,0,0,0,4,4,0,8,0,0,0,8,0,0,0,0,8,0,0,-1,8,0,4
5504,248,223,262,199,250,-6.98,-7.18,1.41,0,c_1_labelled.csv,0.7066666666666667,0.6858333333333333,0.7183333333333334,0.6658333333333334,0.7083333333333334,0.46509999999999996,0.46409999999999996,0.50705,0,0,8,0,0,0,8,0,0,0,1,7,0,0,8,0,0,0,5,3,0,8,0,0,0,8,0,0,0,0,8,0,0,-1,8,0,4
5603,248,205,232,173,226,-6.9,-7.1,1.8,0,c_1_labelled.csv,0.7066666666666667,0.6708333333333333,0.6933333333333334,0.6441666666666667,0.6883333333333334,0.46549999999999997,0.4645,0.509,0,0,8,0,0,0,8,0,0,0,2,6,0,0,8,0,0,0,6,2,0,8,0,0,0,8,0,0,0,0,8,0,0,-1,8,0,4
5703,256,196,214,161,218,-7.02,-7.45,1.8,0,c_1_labelled.csv,0.7133333333333334,0.6633333333333333,0.6783333333333333,0.6341666666666667,0.6816666666666666,0.46490000000000004,0.46275,0.509,0,0,8,0,0,0,8,0,0,0,3,5,0,0,8,0,0,0,7,1,0,8,0,0,0,8,0,0,0,0,8,0,0,-1,8,0,4
5804,260,191,207,152,207,-7.02,-7.22,2.2,0,c_1_labelled.csv,0.7166666666666667,0.6591666666666667,0.6725,0.6266666666666667,0.6725,0.46490000000000004,0.4639,0.511,0,0,8,0,0,0,8,0,0,0,4,4,0,0,8,0,0,0,8,0,0,8,0,0,0,8,0,0,0,0,8,0,0,-1,8,0,4
5903,256,188,204,147,212,-7.14,-7.45,2.24,0,c_1_labelled.csv,0.7133333333333334,0.6566666666666666,0.67,0.6225,0.6766666666666666,0.4643,0.46275,0.5112,0,0,8,0,0,0,8,0,0,0,5,3,0,0,8,0,0,0,8,0,0,8,0,0,0,8,0,0,0,0,8,0,0,-1,8,0,0
6003,247,187,204,146,228,-7.37,-7.34,2.43,0,c_1_labelled.csv,0.7058333333333333,0.6558333333333334,0.67,0.6216666666666667,0.69,0.46314999999999995,0.4633,0.51215,0,0,8,0,0,0,8,0,0,0,6,2,0,0,8,0,0,0,8,0,0,8,0,0,0,8,0,0,0,0,8,0,0,-1,8,0,0
6203,240,187,203,146,223,-7.37,-7.06,2.31,0,c_1_labelled.csv,0.7,0.6558333333333334,0.6691666666666667,0.6216666666666667,0.6858333333333333,0.46314999999999995,0.4647,0.5115500000000001,0,0,8,0,0,0,8,0,0,0,7,1,0,0,8,0,0,0,8,0,0,8,0,0,0,8,0,0,0,0,8,0,0,-1,8,0,0
6303,240,186,205,146,216,-7.37,-7.06,2.16,0,c_1_labelled.csv,0.7,0.655,0.6708333333333333,0.6216666666666667,0.68,0.46314999999999995,0.4647,0.5108,0,0,8,0,0,0,8,0,0,0,8,0,0,0,8,0,0,0,8,0,0,8,0,0,0,8,0,0,0,0,8,0,0,-1,8,0,0
6403,240,186,204,146,215,-7.45,-7.02,2.24,0,c_1_labelled.csv,0.7,0.655,0.67,0.6216666666666667,0.6791666666666667,0.46275,0.46490000000000004,0.5112,0,0,8,0,0,0,8,0,0,0,8,0,0,0,8,0,0,0,8,0,0,8,0,0,0,8,0,0,0,0,8,0,0,-1,8,0,0
6503,240,186,204,145,213,-7.37,-7.06,2.16,0,c_1_labelled.csv,0.7,0.655,0.67,0.6208333333333333,0.6775,0.46314999999999995,0.4647,0.5108,0,0,8,0,0,0,8,0,0,0,8,0,0,0,8,0,0,0,8,0,0,8,0,0,0,8,0,0,0,0,8,0,0,-1,8,0,0
6603,239,186,202,145,213,-7.41,-7.06,2.2,0,c_1_labelled.csv,0.6991666666666667,0.655,0.6683333333333333,0.6208333333333333,0.6775,0.46295000000000003,0.4647,0.511,0,0,8,0,0,0,8,0,0,0,8,0,0,0,8,0,0,0,8,0,0,8,0,0,0,8,0,0,0,0,8,0,0,-1,8,0,0
6703,238,186,204,146,212,-7.49,-7.1,2.35,0,c_1_labelled.csv,0.6983333333333334,0.655,0.67,0.6216666666666667,0.6766666666666666,0.46255,0.4645,0.5117499999999999,0,0,8,0,0,0,8,0,0,0,8,0,0,0,8,0,0,0,8,0,0,8,0,0,0,8,0,0,0,0,8,0,0,-1,8,0,0
6803,238,187,205,148,207,-7.53,-7.3,2.2,0,c_1_labelled.csv,0.6983333333333334,0.6558333333333334,0.6708333333333333,0.6233333333333333,0.6725,0.46235,0.4635,0.511,0,0,8,0,0,0,8,0,0,0,8,0,0,0,8,0,0,0,8,0,0,8,0,0,0,8,0,0,0,0,8,0,0,-1,8,0,0
6903,248,193,212,169,225,-7.34,-6.9,2.51,0,c_1_labelled.csv,0.7066666666666667,0.6608333333333334,0.6766666666666666,0.6408333333333334,0.6875,0.4633,0.46549999999999997,0.5125500000000001,0,0,8,0,0,0,8,0,0,0,8,0,0,0,8,0,0,0,8,0,0,8,0,0,0,8,0,0,0,0,8,0,0,-1,8,0,0
7003,243,211,262,199,245,-6.79,-7.3,1.33,0,c_1_labelled.csv,0.7025,0.6758333333333333,0.7183333333333334,0.6658333333333334,0.7041666666666667,0.46604999999999996,0.4635,0.50665,0,0,8,0,0,0,8,0,0,0,8,0,0,0,8,0,0,0,8,0,0,8,0,0,0,8,0,0,0,0,8,0,0,-1,8,0,0
7103,247,243,312,226,260,-7.18,-7.22,0.75,4,c_1_labelled.csv,0.7058333333333333,0.7025,0.76,0.6883333333333334,0.7166666666666667,0.46409999999999996,0.4639,0.50375,0,0,8,0,0,0,8,0,0,0,7,1,0,0,8,0,0,0,8,0,0,8,0,0,0,8,0,0,0,0,8,0,0,-1,8,0,0
7203,252,269,336,247,279,-7.06,-7.3,0.78,4,c_1_labelled.csv,0.71,0.7241666666666666,0.78,0.7058333333333333,0.7325,0.4647,0.4635,0.5039,0,0,8,0,0,0,8,0,0,0,6,2,0,0,8,0,0,0,8,0,0,8,0,0,0,8,0,0,0,0,8,0,0,-1,8,0,0
7303,256,280,343,254,316,-7.06,-7.41,0.59,4,c_1_labelled.csv,0.7133333333333334,0.7333333333333333,0.7858333333333334,0.7116666666666667,0.7633333333333333,0.4647,0.46295000000000003,0.50295,0,0,8,0,0,0,8,0,0,0,5,3,0,0,8,0,0,0,7,1,0,8,0,0,0,8,0,0,0,0,8,0,0,-1,8,0,0
7403,257,286,349,257,310,-6.83,-7.61,0.24,4,c_1_labelled.csv,0.7141666666666666,0.7383333333333333,0.7908333333333334,0.7141666666666666,0.7583333333333333,0.46585,0.46195,0.5012,0,0,8,0,0,0,8,0,0,0,4,4,0,0,8,0,0,0,6,2,0,8,0,0,0,8,0,0,0,0,8,0,0,-1,8,0,4
7503,258,285,345,259,300,-7.06,-7.41,0.27,4,c_1_labelled.csv,0.715,0.7375,0.7875,0.7158333333333333,0.75,0.4647,0.46295000000000003,0.50135,0,0,8,0,0,0,8,0,0,0,3,5,0,0,8,0,0,0,5,3,0,8,0,0,0,8,0,0,0,0,8,0,0,-1,8,0,4
7603,258,286,344,259,290,-7.06,-7.41,0.27,4,c_1_labelled.csv,0.715,0.7383333333333333,0.7866666666666666,0.7158333333333333,0.7416666666666667,0.4647,0.46295000000000003,0.50135,0,0,8,0,0,0,8,0,0,0,2,6,0,0,8,0,0,0,5,3,0,8,0,0,0,8,0,0,0,0,8,0,0,-1,8,0,4
7703,260,285,342,259,288,-6.94,-7.37,0.16,4,c_1_labelled.csv,0.7166666666666667,0.7375,0.785,0.7158333333333333,0.74,0.4653,0.46314999999999995,0.5008,0,0,8,0,0,0,8,0,0,0,1,7,0,0,8,0,0,0,5,3,0,8,0,0,0,8,0,0,0,0,8,0,0,-1,8,0,4
7803,259,284,340,257,288,-7.06,-7.45,0.16,4,c_1_labelled.csv,0.7158333333333333,0.7366666666666667,0.7833333333333333,0.7141666666666666,0.74,0.4647,0.46275,0.5008,0,0,8,0,0,0,8,0,0,0,0,8,0,0,8,0,0,0,5,3,0,8,0,0,0,8,0,0,0,0,8,0,0,-1,8,0,4
7903,258,283,338,256,292,-6.98,-7.41,0.12,4,c_1_labelled.csv,0.715,0.7358333333333333,0.7816666666666666,0.7133333333333334,0.7433333333333333,0.46509999999999996,0.46295000000000003,0.5006,0,0,8,0,0,0,8,0,0,0,0,8,0,0,8,0,0,0,5,3,0,8,0,0,0,8,0,0,0,0,8,0,0,-1,8,0,4
8003,255,259,315,237,286,-7.73,-8.0,0.59,4,c_1_labelled.csv,0.7125,0.7158333333333333,0.7625,0.6975,0.7383333333333333,0.46135,0.46,0.50295,0,0,8,0,0,0,8,0,0,0,0,8,0,0,8,0,0,0,5,3,0,8,0,0,0,8,0,0,0,0,8,0,0,-1,8,0,4
8103,246,220,258,194,255,-7.65,-7.57,0.47,0,c_1_labelled.csv,0.705,0.6833333333333333,0.715,0.6616666666666666,0.7125,0.46175,0.46215000000000006,0.50235,0,0,8,0,0,0,8,0,0,0,1,7,0,0,8,0,0,0,6,2,0,8,0,0,0,8,0,0,0,0,8,0,0,-1,8,0,4
8203,242,199,224,166,219,-6.9,-7.14,1.22,0,c_1_labelled.csv,0.7016666666666667,0.6658333333333334,0.6866666666666666,0.6383333333333333,0.6825,0.46549999999999997,0.4643,0.5061,0,0,8,0,0,0,8,0,0,0,2,6,0,0,8,0,0,0,7,1,0,8,0,0,0,8,0,0,0,0,8,0,0,-1,8,0,4
8303,241,192,209,153,220,-7.14,-7.37,1.49,0,c_1_labelled.csv,0.7008333333333333,0.66,0.6741666666666667,0.6275,0.6833333333333333,0.4643,0.46314999999999995,0.50745,0,0,8,0,0,0,8,0,0,0,3,5,0,0,8,0,0,0,8,0,0,8,0,0,0,8,0,0,0,0,8,0,0,-1,8,0,4
8403,249,189,205,148,207,-7.14,-7.22,1.53,0,c_1_labelled.csv,0.7075,0.6575,0.6708333333333333,0.6233333333333333,0.6725,0.4643,0.4639,0.50765,0,0,8,0,0,0,8,0,0,0,4,4,0,0,8,0,0,0,8,0,0,8,0,0,0,8,0,0,0,0,8,0,0,-1,8,0,4
8503,229,188,205,147,205,-7.1,-6.94,1.73,0,c_1_labelled.csv,0.6908333333333333,0.6566666666666666,0.6708333333333333,0.6225,0.6708333333333333,0.4645,0.4653,0.50865,0,0,8,0,0,0,8,0,0,0,5,3,0,0,8,0,0,0,8,0,0,8,0,0,0,8,0,0,0,0,8,0,0,-1,8,0,0
8603,226,188,205,147,216,-7.3,-7.06,1.73,0,c_1_labelled.csv,0.6883333333333334,0.6566666666666666,0.6708333333333333,0.6225,0.68,0.4635,0.4647,0.50865,0,0,8,0,0,0,8,0,0,0,6,2,0,0,8,0,0,0,8,0,0,8,0,0,0,8,0,0,0,0,8,0,0,-1,8,0,0
8704,224,186,204,146,211,-7.02,-7.06,1.77,0,c_1_labelled.csv,0.6866666666666666,0.655,0.67,0.6216666666666667,0.6758333333333333,0.46490000000000004,0.4647,0.50885,0,0,8,0,0,0,8,0,0,0,7,1,0,0,8,0,0,0,8,0,0,8,0,0,0,8,0,0,0,0,8,0,0,-1,8,0,0
8803,222,187,203,146,211,-7.53,-6.79,1.69,0,c_1_labelled.csv,0.685,0.6558333333333334,0.6691666666666667,0.6216666666666667,0.6758333333333333,0.46235,0.46604999999999996,0.50845,0,0,8,0,0,0,8,0,0,0,8,0,0,0,8,0,0,0,8,0,0,8,0,0,0,8,0,0,0,0,8,0,0,-1,8,0,0
8903,222,186,203,145,212,-7.61,-7.14,1.49,0,c_1_labelled.csv,0.685,0.655,0.6691666666666667,0.6208333333333333,0.6766666666666666,0.46195,0.4643,0.50745,0,0,8,0,0,0,8,0,0,0,8,0,0,0,8,0,0,0,8,0,0,8,0,0,0,8,0,0,0,0,8,0,0,-1,8,0,0
9004,221,187,203,146,213,-7.37,-7.02,1.53,0,c_1_labelled.csv,0.6841666666666667,0.6558333333333334,0.6691666666666667,0.6216666666666667,0.6775,0.46314999999999995,0.46490000000000004,0.50765,0,0,8,0,0,0,8,0,0,0,8,0,0,0,8,0,0,0,8,0,0,8,0,0,0,8,0,0,0,0,8,0,0,-1,8,0,0
9103,221,186,204,146,217,-7.57,-7.06,1.65,0,c_1_labelled.csv,0.6841666666666667,0.655,0.67,0.6216666666666667,0.6808333333333333,0.46215000000000006,0.4647,0.50825,0,0,8,0,0,0,8,0,0,0,8,0,0,0,8,0,0,0,8,0,0,8,0,0,0,8,0,0,0,0,8,0,0,-1,8,0,0
9203,221,187,204,146,214,-7.34,-6.98,1.69,0,c_1_labelled.csv,0.6841666666666667,0.6558333333333334,0.67,0.6216666666666667,0.6783333333333333,0.4633,0.46509999999999996,0.50845,0,0,8,0,0,0,8,0,0,0,8,0,0,0,8,0,0,0,8,0,0,8,0,0,0,8,0,0,0,0,8,0,0,-1,8,0,0
9403,237,207,245,180,292,-7.49,-7.1,1.69,0,c_1_labelled.csv,0.6975,0.6725,0.7041666666666667,0.65,0.7433333333333333,0.46255,0.4645,0.50845,0,0,8,0,0,0,8,0,0,0,8,0,0,0,8,0,0,0,8,0,0,8,0,0,0,8,0,0,0,0,8,0,0,-1,8,0,0
9502,244,225,285,208,286,-0.04,-0.04,0.0,0,c_1_labelled.csv,0.7033333333333334,0.6875,0.7375,0.6733333333333333,0.7383333333333333,0.49979999999999997,0.49979999999999997,0.5,0,0,8,0,0,0,8,0,0,0,8,0,0,0,8,0,0,0,8,0,0,8,0,0,0,8,0,0,0,0,8,0,0,-1,8,0,0
9603,244,250,317,232,309,-7.61,-7.41,1.1,4,c_1_labelled.csv,0.7033333333333334,0.7083333333333334,0.7641666666666667,0.6933333333333334,0.7575,0.46195,0.46295000000000003,0.5055,0,0,8,0,0,0,8,0,0,0,7,1,0,0,8,0,0,0,7,1,0,8,0,0,0,8,0,0,0,0,8,0,0,-1,8,0,0
9703,248,271,337,251,295,-7.14,-7.26,0.82,4,c_1_labelled.csv,0.7066666666666667,0.7258333333333333,0.7808333333333334,0.7091666666666666,0.7458333333333333,0.4643,0.4637,0.5041,0,0,8,0,0,0,8,0,0,0,6,2,0,0,8,0,0,0,7,1,0,8,0,0,0,8,0,0,0,0,8,0,0,-1,8,0,0
9803,251,283,344,256,285,-7.26,-7.45,0.78,4,c_1_labelled.csv,0.7091666666666666,0.7358333333333333,0.7866666666666666,0.7133333333333334,0.7375,0.4637,0.46275,0.5039,0,0,8,0,0,0,8,0,0,0,5,3,0,0,8,0,0,0,7,1,0,8,0,0,0,8,0,0,0,0,8,0,0,-1,8,0,0
9903,255,285,345,258,288,-7.06,-7.26,0.51,4,c_1_labelled.csv,0.7125,0.7375,0.7875,0.715,0.74,0.4647,0.4637,0.50255,0,0,8,0,0,0,8,0,0,0,4,4,0,0,8,0,0,0,7,1,0,8,0,0,0,8,0,0,0,0,8,0,0,-1,8,0,4
10003,259,286,346,261,290,-7.06,-7.53,0.16,4,c_1_labelled.csv,0.7158333333333333,0.7383333333333333,0.7883333333333333,0.7175,0.7416666666666667,0.4647,0.46235,0.5008,0,0,8,0,0,0,8,0,0,0,3,5,0,0,8,0,0,0,7,1,0,8,0,0,0,8,0,0,0,0,8,0,0,-1,8,0,4
10103,261,287,344,260,292,-6.67,-7.41,0.2,4,c_1_labelled.csv,0.7175,0.7391666666666666,0.7866666666666666,0.7166666666666667,0.7433333333333333,0.46665,0.46295000000000003,0.501,0,0,8,0,0,0,8,0,0,0,2,6,0,0,8,0,0,0,7,1,0,8,0,0,0,8,0,0,0,0,8,0,0,-1,8,0,4
10203,263,285,342,259,293,-6.98,-7.3,0.08,4,c_1_labelled.csv,0.7191666666666666,0.7375,0.785,0.7158333333333333,0.7441666666666666,0.46509999999999996,0.4635,0.5004,0,0,8,0,0,0,8,0,0,0,1,7,0,0,8,0,0,0,7,1,0,8,0,0,0,8,0,0,0,0,8,0,0,-1,8,0,4
10303,261,284,339,260,292,-7.02,-7.53,0.12,4,c_1_labelled.csv,0.7175,0.7366666666666667,0.7825,0.7166666666666667,0.7433333333333333,0.46490000000000004,0.46235,0.5006,0,0,8,0,0,0,8,0,0,0,0,8,0,0,8,0,0,0,7,1,0,8,0,0,0,8,0,0,0,0,8,0,0,-1,8,0,4
10403,263,282,338,258,291,-6.9,-7.41,0.31,4,c_1_labelled.csv,0.7191666666666666,0.735,0.7816666666666666,0.715,0.7425,0.46549999999999997,0.46295000000000003,0.50155,0,0,8,0,0,0,8,0,0,0,0,8,0,0,8,0,0,0,8,0,0,8,0,0,0,8,0,0,0,0,8,0,0,-1,8,0,4
10503,262,281,337,257,290,-6.86,-7.45,0.39,4,c_1_labelled.csv,0.7183333333333334,0.7341666666666666,0.7808333333333334,0.7141666666666666,0.7416666666666667,0.4657,0.46275,0.50195,0,0,8,0,0,0,8,0,0,0,0,8,0,0,8,0,0,0,8,0,0,8,0,0,0,8,0,0,0,0,8,0,0,-1,8,0,4
10603,260,278,334,255,289,-6.94,-7.41,0.2,4,c_1_labelled.csv,0.7166666666666667,0.7316666666666667,0.7783333333333333,0.7125,0.7408333333333333,0.4653,0.46295000000000003,0.501,0,0,8,0,0,0,8,0,0,0,0,8,0,0,8,0,0,0,8,0,0,8,0,0,0,8,0,0,0,0,8,0,0,-1,8,0,4
10703,257,258,315,238,260,-6.98,-7.41,0.51,4,c_1_labelled.csv,0.7141666666666666,0.715,0.7625,0.6983333333333334,0.7166666666666667,0.46509999999999996,0.46295000000000003,0.50255,0,0,8,0,0,0,8,0,0,0,0,8,0,0,8,0,0,0,8,0,0,8,0,0,0,8,0,0,0,0,8,0,0,-1,8,0,4
10803,254,231,275,207,240,-6.63,-7.06,0.9,4,c_1_labelled.csv,0.7116666666666667,0.6925,0.7291666666666666,0.6725,0.7,0.46685000000000004,0.4647,0.5045000000000001,0,0,8,0,0,0,8,0,0,0,1,7,0,0,8,0,0,0,8,0,0,8,0,0,0,8,0,0,0,0,8,0,0,-1,8,0,4
10903,249,210,240,181,220,-6.63,-7.37,1.22,0,c_1_labelled.csv,0.7075,0.675,0.7,0.6508333333333334,0.6833333333333333,0.46685000000000004,0.46314999999999995,0.5061,0,0,8,0,0,0,8,0,0,0,2,6,0,0,8,0,0,0,8,0,0,8,0,0,0,8,0,0,0,0,8,0,0,-1,8,0,4
11003,255,197,218,164,220,-6.9,-7.26,1.84,0,c_1_labelled.csv,0.7125,0.6641666666666667,0.6816666666666666,0.6366666666666667,0.6833333333333333,0.46549999999999997,0.4637,0.5092,0,0,8,0,0,0,8,0,0,0,3,5,0,0,8,0,0,0,8,0,0,8,0,0,0,8,0,0,0,0,8,0,0,-1,8,0,4
11103,258,192,209,154,253,-6.94,-7.14,2.08,0,c_1_labelled.csv,0.715,0.66,0.6741666666666667,0.6283333333333333,0.7108333333333333,0.4653,0.4643,0.5104,0,0,8,0,0,0,8,0,0,0,4,4,0,0,8,0,0,0,8,0,0,8,0,0,0,8,0,0,0,0,8,0,0,-1,8,0,4
11203,258,189,205,149,219,-7.1,-7.1,2.2,0,c_1_labelled.csv,0.715,0.6575,0.6708333333333333,0.6241666666666666,0.6825,0.4645,0.4645,0.511,0,0,8,0,0,0,8,0,0,0,5,3,0,0,8,0,0,0,8,0,0,8,0,0,0,8,0,0,0,0,8,0,0,-1,8,0,4
11303,254,189,205,147,206,-7.06,-7.1,2.2,0,c_1_labelled.csv,0.7116666666666667,0.6575,0.6708333333333333,0.6225,0.6716666666666666,0.4647,0.4645,0.511,0,0,8,0,0,0,8,0,0,0,6,2,0,0,8,0,0,0,8,0,0,8,0,0,0,8,0,0,0,0,8,0,0,-1,8,0,0
11403,244,187,204,147,230,-7.34,-7.06,2.16,0,c_1_labelled.csv,0.7033333333333334,0.6558333333333334,0.67,0.6225,0.6916666666666667,0.4633,0.4647,0.5108,0,0,8,0,0,0,8,0,0,0,7,1,0,0,8,0,0,0,8,0,0,8,0,0,0,8,0,0,0,0,8,0,0,-1,8,0,0
11503,238,188,204,146,221,-7.41,-7.18,2.2,0,c_1_labelled.csv,0.6983333333333334,0.6566666666666666,0.67,0.6216666666666667,0.6841666666666667,0.46295000000000003,0.46409999999999996,0.511,0,0,8,0,0,0,8,0,0,0,8,0,0,0,8,0,0,0,8,0,0,8,0,0,0,8,0,0,0,0,8,0,0,-1,8,0,0
11603,237,186,204,146,223,-7.22,-7.02,2.16,0,c_1_labelled.csv,0.6975,0.655,0.67,0.6216666666666667,0.6858333333333333,0.4639,0.46490000000000004,0.5108,0,0,8,0,0,0,8,0,0,0,8,0,0,0,8,0,0,0,8,0,0,8,0,0,0,8,0,0,0,0,8,0,0,-1,8,0,0
11703,236,187,204,146,224,-7.26,-7.02,2.04,0,c_1_labelled.csv,0.6966666666666667,0.6558333333333334,0.67,0.6216666666666667,0.6866666666666666,0.4637,0.46490000000000004,0.5102,0,0,8,0,0,0,8,0,0,0,8,0,0,0,8,0,0,0,8,0,0,8,0,0,0,8,0,0,0,0,8,0,0,-1,8,0,0
11803,236,187,204,146,215,-7.3,-7.02,2.04,0,c_1_labelled.csv,0.6966666666666667,0.6558333333333334,0.67,0.6216666666666667,0.6791666666666667,0.4635,0.46490000000000004,0.5102,0,0,8,0,0,0,8,0,0,0,8,0,0,0,8,0,0,0,8,0,0,8,0,0,0,8,0,0,0,0,8,0,0,-1,8,0,0
11904,235,187,203,147,219,-7.45,-7.02,2.16,0,c_1_labelled.csv,0.6958333333333333,0.6558333333333334,0.6691666666666667,0.6225,0.6825,0.46275,0.46490000000000004,0.5108,0,0,8,0,0,0,8,0,0,0,8,0,0,0,8,0,0,0,8,0,0,8,0,0,0,8,0,0,0,0,8,0,0,-1,8,0,0
12003,236,187,204,146,222,-7.34,-7.1,2.08,0,c_1_labelled.csv,0.6966666666666667,0.6558333333333334,0.67,0.6216666666666667,0.685,0.4633,0.4645,0.5104,0,0,8,0,0,0,8,0,0,0,8,0,0,0,8,0,0,0,8,0,0,8,0,0,0,8,0,0,0,0,8,0,0,-1,8,0,0
12103,238,189,205,149,211,-7.37,-6.94,2.0,0,c_1_labelled.csv,0.6983333333333334,0.6575,0.6708333333333333,0.6241666666666666,0.6758333333333333,0.46314999999999995,0.4653,0.51,0,0,8,0,0,0,8,0,0,0,8,0,0,0,8,0,0,0,8,0,0,8,0,0,0,8,0,0,0,0,8,0,0,-1,8,0,0
12204,249,199,230,176,229,-7.57,-6.94,1.92,0,c_1_labelled.csv,0.7075,0.6658333333333334,0.6916666666666667,0.6466666666666666,0.6908333333333333,0.46215000000000006,0.4653,0.5096,0,0,8,0,0,0,8,0,0,0,8,0,0,0,8,0,0,0,8,0,0,8,0,0,0,8,0,0,0,0,8,0,0,-1,8,0,0
12303,252,211,262,200,244,-7.26,-7.18,1.84,0,c_1_labelled.csv,0.71,0.6758333333333333,0.7183333333333334,0.6666666666666666,0.7033333333333334,0.4637,0.46409999999999996,0.5092,0,0,8,0,0,0,8,0,0,0,8,0,0,0,8,0,0,0,8,0,0,8,0,0,0,8,0,0,0,0,8,0,0,-1,8,0,0
12403,251,229,291,221,255,-7.3,-7.41,1.1,4,c_1_labelled.csv,0.7091666666666666,0.6908333333333333,0.7425,0.6841666666666667,0.7125,0.4635,0.46295000000000003,0.5055,0,0,8,0,0,0,8,0,0,0,8,0,0,0,8,0,0,0,8,0,0,8,0,0,0,8,0,0,0,0,8,0,0,-1,8,0,0
12603,252,255,323,249,279,-7.06,-7.37,0.86,4,c_1_labelled.csv,0.71,0.7125,0.7691666666666667,0.7075,0.7325,0.4647,0.46314999999999995,0.5043,0,0,8,0,0,0,8,0,0,0,7,1,0,0,8,0,0,0,8,0,0,8,0,0,0,8,0,0,0,0,8,0,0,-1,8,0,0
12703,255,260,325,253,287,-7.06,-7.37,0.59,4,c_1_labelled.csv,0.7125,0.7166666666666667,0.7708333333333334,0.7108333333333333,0.7391666666666666,0.4647,0.46314999999999995,0.50295,0,0,8,0,0,0,8,0,0,0,6,2,0,0,8,0,0,0,8,0,0,8,0,0,0,8,0,0,0,0,8,0,0,-1,8,0,0
12803,257,265,326,256,292,-7.02,-7.34,0.59,4,c_1_labelled.csv,0.7141666666666666,0.7208333333333333,0.7716666666666666,0.7133333333333334,0.7433333333333333,0.46490000000000004,0.4633,0.50295,0,0,8,0,0,0,8,0,0,0,5,3,0,0,8,0,0,0,8,0,0,8,0,0,0,8,0,0,0,0,8,0,0,-1,8,0,4
12903,260,267,329,257,333,-6.83,-7.49,0.31,4,c_1_labelled.csv,0.7166666666666667,0.7225,0.7741666666666667,0.7141666666666666,0.7775,0.46585,0.46255,0.50155,0,0,8,0,0,0,8,0,0,0,4,4,0,0,8,0,0,0,7,1,0,8,0,0,0,8,0,0,0,0,8,0,0,-1,8,0,4
13003,263,267,328,260,369,-6.94,-7.49,0.27,4,c_1_labelled.csv,0.7191666666666666,0.7225,0.7733333333333333,0.7166666666666667,0.8075,0.4653,0.46255,0.50135,0,0,8,0,0,0,8,0,0,0,3,5,0,0,8,0,0,0,6,2,0,8,0,0,0,8,0,0,0,0,8,0,0,-1,8,0,4
13103,268,267,330,265,341,-6.98,-7.41,0.43,4,c_1_labelled.csv,0.7233333333333334,0.7225,0.775,0.7208333333333333,0.7841666666666667,0.46509999999999996,0.46295000000000003,0.50215,0,0,8,0,0,0,8,0,0,0,2,6,0,0,8,0,0,0,5,3,0,8,0,0,0,8,0,0,0,0,8,0,0,-1,8,0,4
13203,270,265,326,265,313,-7.06,-7.45,0.27,4,c_1_labelled.csv,0.725,0.7208333333333333,0.7716666666666666,0.7208333333333333,0.7608333333333334,0.4647,0.46275,0.50135,0,0,8,0,0,0,8,0,0,0,1,7,0,0,8,0,0,0,4,4,0,8,0,0,0,8,0,0,0,0,8,0,0,-1,8,0,4
13303,269,263,326,264,310,-6.9,-7.53,0.31,4,c_1_labelled.csv,0.7241666666666666,0.7191666666666666,0.7716666666666666,0.72,0.7583333333333333,0.46549999999999997,0.46235,0.50155,0,0,8,0,0,0,8,0,0,0,0,8,0,0,8,0,0,0,3,5,0,8,0,0,0,8,0,0,0,0,8,0,0,-1,8,0,4
13403,269,262,324,265,313,-7.22,-7.41,0.31,4,c_1_labelled.csv,0.7241666666666666,0.7183333333333334,0.77,0.7208333333333333,0.7608333333333334,0.4639,0.46295000000000003,0.50155,0,0,8,0,0,0,8,0,0,0,0,8,0,0,8,0,0,0,2,6,0,8,0,0,0,8,0,0,0,0,8,0,0,-1,8,0,4
13503,271,261,323,264,311,-6.79,-7.45,0.35,4,c_1_labelled.csv,0.7258333333333333,0.7175,0.7691666666666667,0.72,0.7591666666666667,0.46604999999999996,0.46275,0.5017499999999999,0,0,8,0,0,0,8,0,0,0,0,8,0,0,8,0,0,0,1,7,0,8,0,0,0,8,0,0,0,0,8,0,0,-1,8,0,4
13603,269,259,322,263,307,-7.22,-7.49,0.35,4,c_1_labelled.csv,0.7241666666666666,0.7158333333333333,0.7683333333333333,0.7191666666666666,0.7558333333333334,0.4639,0.46255,0.5017499999999999,0,0,8,0,0,0,8,0,0,0,0,8,0,0,8,0,0,0,0,8,0,8,0,0,0,8,0,0,0,0,8,0,0,-1,8,0,4
13703,267,257,318,257,320,-6.9,-7.18,0.47,4,c_1_labelled.csv,0.7225,0.7141666666666666,0.765,0.7141666666666666,0.7666666666666667,0.46549999999999997,0.46409999999999996,0.50235,0,0,8,0,0,0,8,0,0,0,0,8,0,0,8,0,0,0,0,8,0,8,0,0,0,8,0,0,0,0,8,0,0,-1,8,0,4
13803,267,249,309,245,303,-7.18,-7.34,0.78,4,c_1_labelled.csv,0.7225,0.7075,0.7575,0.7041666666666667,0.7525,0.46409999999999996,0.4633,0.5039,0,0,8,0,0,0,8,0,0,0,0,8,0,0,8,0,0,0,0,8,0,8,0,0,0,8,0,0,0,0,8,0,0,-1,8,0,4
13903,261,232,281,216,253,-6.83,-7.34,1.37,4,c_1_labelled.csv,0.7175,0.6933333333333334,0.7341666666666666,0.68,0.7108333333333333,0.46585,0.4633,0.50685,0,0,8,0,0,0,8,0,0,0,1,7,0,0,8,0,0,0,1,7,0,8,0,0,0,8,0,0,0,0,8,0,0,-1,8,0,4
14003,255,207,236,176,221,-6.47,-7.34,0.94,0,c_1_labelled.csv,0.7125,0.6725,0.6966666666666667,0.6466666666666666,0.6841666666666667,0.46765,0.4633,0.5047,0,0,8,0,0,0,8,0,0,0,2,6,0,0,8,0,0,0,2,6,0,8,0,0,0,8,0,0,0,0,8,0,0,-1,8,0,4
14103,256,196,215,162,212,-7.1,-7.3,2.31,0,c_1_labelled.csv,0.7133333333333334,0.6633333333333333,0.6791666666666667,0.635,0.6766666666666666,0.4645,0.4635,0.5115500000000001,0,0,8,0,0,0,8,0,0,0,3,5,0,0,8,0,0,0,3,5,0,8,0,0,0,8,0,0,0,0,8,0,0,-1,8,0,4
14203,258,192,208,153,204,-7.18,-7.34,2.31,0,c_1_labelled.csv,0.715,0.66,0.6733333333333333,0.6275,0.67,0.46409999999999996,0.4633,0.5115500000000001,0,0,8,0,0,0,8,0,0,0,4,4,0,0,8,0,0,0,4,4,0,8,0,0,0,8,0,0,0,0,8,0,0,-1,8,0,4
14303,257,191,205,148,200,-7.41,-7.37,2.82,0,c_1_labelled.csv,0.7141666666666666,0.6591666666666667,0.6708333333333333,0.6233333333333333,0.6666666666666666,0.46295000000000003,0.46314999999999995,0.5141,0,0,8,0,0,0,8,0,0,0,5,3,0,0,8,0,0,0,5,3,0,8,0,0,0,8,0,0,0,0,8,0,0,-1,8,0,4
14403,246,189,205,146,200,-7.22,-6.79,2.94,0,c_1_labelled.csv,0.705,0.6575,0.6708333333333333,0.6216666666666667,0.6666666666666666,0.4639,0.46604999999999996,0.5146999999999999,0,0,8,0,0,0,8,0,0,0,6,2,0,0,8,0,0,0,6,2,0,8,0,0,0,8,0,0,0,0,8,0,0,-1,8,0,0
14503,237,188,204,146,235,-7.34,-7.18,2.63,0,c_1_labelled.csv,0.6975,0.6566666666666666,0.67,0.6216666666666667,0.6958333333333333,0.4633,0.46409999999999996,0.51315,0,0,8,0,0,0,8,0,0,0,7,1,0,0,8,0,0,0,7,1,0,8,0,0,0,8,0,0,0,0,8,0,0,-1,8,0,0
14603,232,187,203,145,226,-7.22,-6.9,2.75,0,c_1_labelled.csv,0.6933333333333334,0.6558333333333334,0.6691666666666667,0.6208333333333333,0.6883333333333334,0.4639,0.46549999999999997,0.51375,0,0,8,0,0,0,8,0,0,0,8,0,0,0,8,0,0,0,8,0,0,8,0,0,0,8,0,0,0,0,8,0,0,-1,8,0,0
14703,232,188,203,144,213,-7.37,-6.79,2.82,0,c_1_labelled.csv,0.6933333333333334,0.6566666666666666,0.6691666666666667,0.62,0.6775,0.46314999999999995,0.46604999999999996,0.5141,0,0,8,0,0,0,8,0,0,0,8,0,0,0,8,0,0,0,8,0,0,8,0,0,0,8,0,0,0,0,8,0,0,-1,8,0,0
14803,232,189,204,145,204,-7.49,-6.94,2.75,0,c_1_labelled.csv,0.6933333333333334,0.6575,0.67,0.6208333333333333,0.67,0.46255,0.4653,0.51375,0,0,8,0,0,0,8,0,0,0,8,0,0,0,8,0,0,0,8,0,0,8,0,0,0,8,0,0,0,0,8,0,0,-1,8,0,0
14903,234,190,205,146,233,-7.61,-6.63,2.94,0,c_1_labelled.csv,0.695,0.6583333333333333,0.6708333333333333,0.6216666666666667,0.6941666666666667,0.46195,0.46685000000000004,0.5146999999999999,0,0,8,0,0,0,8,0,0,0,8,0,0,0,8,0,0,0,8,0,0,8,0,0,0,8,0,0,0,0,8,0,0,-1,8,0,0
15003,250,199,220,173,250,-6.79,-8.0,3.02,0,c_1_labelled.csv,0.7083333333333334,0.6658333333333334,0.6833333333333333,0.6441666666666667,0.7083333333333334,0.46604999999999996,0.46,0.5151,0,0,8,0,0,0,8,0,0,0,8,0,0,0,8,0,0,0,8,0,0,8,0,0,0,8,0,0,0,0,8,0,0,-1,8,0,0
15104,246,215,259,199,275,-6.98,-7.06,2.08,0,c_1_labelled.csv,0.705,0.6791666666666667,0.7158333333333333,0.6658333333333334,0.7291666666666666,0.46509999999999996,0.4647,0.5104,0,0,8,0,0,0,8,0,0,0,8,0,0,0,8,0,0,0,8,0,0,8,0,0,0,8,0,0,0,0,8,0,0,-1,8,0,0
15203,249,236,295,219,277,-7.3,-7.49,1.8,4,c_1_labelled.csv,0.7075,0.6966666666666667,0.7458333333333333,0.6825,0.7308333333333333,0.4635,0.46255,0.509,0,0,8,0,0,0,8,0,0,0,8,0,0,0,8,0,0,0,8,0,0,8,0,0,0,8,0,0,0,0,8,0,0,-1,8,0,0
15303,254,253,315,238,298,-6.83,-7.45,1.41,4,c_1_labelled.csv,0.7116666666666667,0.7108333333333333,0.7625,0.6983333333333334,0.7483333333333333,0.46585,0.46275,0.50705,0,0,8,0,0,0,8,0,0,0,7,1,0,0,8,0,0,0,8,0,0,8,0,0,0,8,0,0,0,0,8,0,0,-1,8,0,0
15404,255,268,324,248,310,-6.9,-7.34,0.9,4,c_1_labelled.csv,0.7125,0.7233333333333334,0.77,0.7066666666666667,0.7583333333333333,0.46549999999999997,0.4633,0.5045000000000001,0,0,8,0,0,0,8,0,0,0,6,2,0,0,8,0,0,0,7,1,0,8,0,0,0,8,0,0,0,0,8,0,0,-1,8,0,0
15503,257,274,332,254,319,-6.75,-7.41,0.55,4,c_1_labelled.csv,0.7141666666666666,0.7283333333333334,0.7766666666666666,0.7116666666666667,0.7658333333333334,0.46625,0.46295000000000003,0.50275,0,0,8,0,0,0,8,0,0,0,5,3,0,0,8,0,0,0,6,2,0,8,0,0,0,8,0,0,0,0,8,0,0,-1,8,0,4
15603,258,283,334,259,325,-6.59,-7.77,0.12,4,c_1_labelled.csv,0.715,0.7358333333333333,0.7783333333333333,0.7158333333333333,0.7708333333333334,0.46704999999999997,0.46115,0.5006,0,0,8,0,0,0,8,0,0,0,4,4,0,0,8,0,0,0,5,3,0,8,0,0,0,8,0,0,0,0,8,0,0,-1,8,0,4
15803,260,286,335,263,330,-6.47,-7.77,-0.43,4,c_1_labelled.csv,0.7166666666666667,0.7383333333333333,0.7791666666666667,0.7191666666666666,0.775,0.46765,0.46115,0.49784999999999996,0,0,8,0,0,0,8,0,0,0,3,5,0,0,8,0,0,0,4,4,0,8,0,0,0,8,0,0,0,1,7,0,0,-1,8,0,4
15903,261,287,336,263,340,-6.43,-7.85,-0.47,4,c_1_labelled.csv,0.7175,0.7391666666666666,0.78,0.7191666666666666,0.7833333333333333,0.46785,0.46075000000000005,0.49765,0,0,8,0,0,0,8,0,0,0,2,6,0,0,8,0,0,0,3,5,0,8,0,0,0,8,0,0,0,2,6,0,0,-1,8,0,4
16003,261,287,334,262,340,-6.24,-8.0,-0.71,4,c_1_labelled.csv,0.7175,0.7391666666666666,0.7783333333333333,0.7183333333333334,0.7833333333333333,0.46880000000000005,0.46,0.49645000000000006,0,0,8,0,0,0,8,0,0,0,1,7,0,0,8,0,0,0,2,6,0,8,0,0,0,8,0,0,0,3,5,0,0,-1,8,0,4
16103,260,288,333,263,340,-6.28,-7.85,-0.47,4,c_1_labelled.csv,0.7166666666666667,0.74,0.7775,0.7191666666666666,0.7833333333333333,0.4686,0.46075000000000005,0.49765,0,0,8,0,0,0,8,0,0,0,0,8,0,0,8,0,0,0,1,7,0,8,0,0,0,8,0,0,0,4,4,0,0,-1,8,0,4
16203,262,287,332,261,340,-6.51,-7.88,-0.43,4,c_1_labelled.csv,0.7183333333333334,0.7391666666666666,0.7766666666666666,0.7175,0.7833333333333333,0.46745,0.4606,0.49784999999999996,0,0,8,0,0,0,8,0,0,0,0,8,0,0,8,0,0,0,0,8,0,8,0,0,0,8,0,0,0,5,3,0,0,-1,8,0,4
16303,258,273,323,253,330,-6.32,-7.88,-0.31,4,c_1_labelled.csv,0.715,0.7275,0.7691666666666667,0.7108333333333333,0.775,0.46840000000000004,0.4606,0.49845,0,0,8,0,0,0,8,0,0,0,0,8,0,0,8,0,0,0,0,8,0,8,0,0,0,8,0,0,0,6,2,0,0,-1,8,0,4
16403,254,248,302,232,310,-6.24,-7.69,-0.08,4,c_1_labelled.csv,0.7116666666666667,0.7066666666666667,0.7516666666666667,0.6933333333333334,0.7583333333333333,0.46880000000000005,0.46155,0.4996,0,0,8,0,0,0,8,0,0,0,0,8,0,0,8,0,0,0,0,8,0,8,0,0,0,8,0,0,0,7,1,0,0,-1,8,0,4
16503,253,218,255,192,280,-6.39,-7.77,0.39,0,c_1_labelled.csv,0.7108333333333333,0.6816666666666666,0.7125,0.66,0.7333333333333333,0.46805,0.46115,0.50195,0,0,8,0,0,0,8,0,0,0,1,7,0,0,8,0,0,0,1,7,0,8,0,0,0,8,0,0,0,7,1,0,0,-1,8,0,4
16603,261,202,227,168,232,-6.86,-7.96,-0.63,0,c_1_labelled.csv,0.7175,0.6683333333333333,0.6891666666666667,0.64,0.6933333333333334,0.4657,0.46020000000000005,0.49685,0,0,8,0,0,0,8,0,0,0,2,6,0,0,8,0,0,0,2,6,0,8,0,0,0,8,0,0,0,7,1,0,0,-1,8,0,4
16703,252,193,211,158,212,-6.47,-7.73,0.98,0,c_1_labelled.csv,0.71,0.6608333333333334,0.6758333333333333,0.6316666666666667,0.6766666666666666,0.46765,0.46135,0.5049,0,0,8,0,0,0,8,0,0,0,3,5,0,0,8,0,0,0,3,5,0,8,0,0,0,8,0,0,0,6,2,0,0,-1,8,0,4
16803,254,192,207,151,212,-6.79,-7.65,1.41,0,c_1_labelled.csv,0.7116666666666667,0.66,0.6725,0.6258333333333334,0.6766666666666666,0.46604999999999996,0.46175,0.50705,0,0,8,0,0,0,8,0,0,0,4,4,0,0,8,0,0,0,4,4,0,8,0,0,0,8,0,0,0,5,3,0,0,-1,8,0,4
16903,256,191,206,150,206,-7.26,-7.3,2.24,0,c_1_labelled.csv,0.7133333333333334,0.6591666666666667,0.6716666666666666,0.625,0.6716666666666666,0.4637,0.4635,0.5112,0,0,8,0,0,0,8,0,0,0,5,3,0,0,8,0,0,0,5,3,0,8,0,0,0,8,0,0,0,4,4,0,0,-1,8,0,0
17003,244,191,206,151,206,-6.67,-7.3,1.69,0,c_1_labelled.csv,0.7033333333333334,0.6591666666666667,0.6716666666666666,0.6258333333333334,0.6716666666666666,0.46665,0.4635,0.50845,0,0,8,0,0,0,8,0,0,0,6,2,0,0,8,0,0,0,6,2,0,8,0,0,0,8,0,0,0,3,5,0,0,-1,8,0,0
17103,235,191,206,150,205,-7.34,-6.86,2.82,0,c_1_labelled.csv,0.6958333333333333,0.6591666666666667,0.6716666666666666,0.625,0.6708333333333333,0.4633,0.4657,0.5141,0,0,8,0,0,0,8,0,0,0,7,1,0,0,8,0,0,0,7,1,0,8,0,0,0,8,0,0,0,2,6,0,0,-1,8,0,0
17203,232,190,206,149,205,-7.26,-6.94,2.98,0,c_1_labelled.csv,0.6933333333333334,0.6583333333333333,0.6716666666666666,0.6241666666666666,0.6708333333333333,0.4637,0.4653,0.5149,0,0,8,0,0,0,8,0,0,0,8,0,0,0,8,0,0,0,8,0,0,8,0,0,0,8,0,0,0,1,7,0,0,-1,8,0,0
17303,230,190,205,149,205,-7.41,-6.86,2.63,0,c_1_labelled.csv,0.6916666666666667,0.6583333333333333,0.6708333333333333,0.6241666666666666,0.6708333333333333,0.46295000000000003,0.4657,0.51315,0,0,8,0,0,0,8,0,0,0,8,0,0,0,8,0,0,0,8,0,0,8,0,0,0,8,0,0,0,1,7,0,0,-1,8,0,0
17403,231,191,206,149,205,-7.41,-7.06,2.63,0,c_1_labelled.csv,0.6925,0.6591666666666667,0.6716666666666666,0.6241666666666666,0.6708333333333333,0.46295000000000003,0.4647,0.51315,0,0,8,0,0,0,8,0,0,0,8,0,0,0,8,0,0,0,8,0,0,8,0,0,0,8,0,0,0,0,8,0,0,-1,8,0,0
17503,230,191,206,150,206,-7.26,-6.9,2.79,0,c_1_labelled.csv,0.6916666666666667,0.6591666666666667,0.6716666666666666,0.625,0.6716666666666666,0.4637,0.46549999999999997,0.51395,0,0,8,0,0,0,8,0,0,0,8,0,0,0,8,0,0,0,8,0,0,8,0,0,0,8,0,0,0,0,8,0,0,-1,8,0,0
17603,265,196,215,167,221,-7.3,-6.79,2.71,0,c_1_labelled.csv,0.7208333333333333,0.6633333333333333,0.6791666666666667,0.6391666666666667,0.6841666666666667,0.4635,0.46604999999999996,0.51355,0,0,8,0,0,0,8,0,0,0,8,0,0,0,8,0,0,0,8,0,0,8,0,0,0,8,0,0,0,0,8,0,0,-1,8,0,0
17703,246,213,254,193,233,-7.22,-7.3,2.39,0,c_1_labelled.csv,0.705,0.6775,0.7116666666666667,0.6608333333333334,0.6941666666666667,0.4639,0.4635,0.51195,0,0,8,0,0,0,8,0,0,0,8,0,0,0,8,0,0,0,8,0,0,8,0,0,0,8,0,0,0,0,8,0,0,-1,8,0,0
17803,249,237,295,223,252,-6.86,-7.45,1.73,4,c_1_labelled.csv,0.7075,0.6975,0.7458333333333333,0.6858333333333333,0.71,0.4657,0.46275,0.50865,0,0,8,0,0,0,8,0,0,0,8,0,0,0,8,0,0,0,8,0,0,8,0,0,0,8,0,0,0,0,8,0,0,-1,8,0,0
17903,253,260,321,242,272,-6.94,-7.45,1.65,4,c_1_labelled.csv,0.7108333333333333,0.7166666666666667,0.7675,0.7016666666666667,0.7266666666666667,0.4653,0.46275,0.50825,0,0,8,0,0,0,8,0,0,0,7,1,0,0,8,0,0,0,8,0,0,8,0,0,0,8,0,0,0,0,8,0,0,-1,8,0,0
18003,258,273,336,252,292,-6.94,-7.65,1.26,4,c_1_labelled.csv,0.715,0.7275,0.78,0.71,0.7433333333333333,0.4653,0.46175,0.5063,0,0,8,0,0,0,8,0,0,0,6,2,0,0,8,0,0,0,8,0,0,8,0,0,0,8,0,0,0,0,8,0,0,-1,8,0,0
18103,262,281,341,258,306,-6.35,-7.85,0.59,4,c_1_labelled.csv,0.7183333333333334,0.7341666666666666,0.7841666666666667,0.715,0.755,0.46825000000000006,0.46075000000000005,0.50295,0,0,8,0,0,0,8,0,0,0,5,3,0,0,8,0,0,0,7,1,0,8,0,0,0,8,0,0,0,0,8,0,0,-1,8,0,4
18203,264,286,344,260,293,-6.32,-7.88,0.08,4,c_1_labelled.csv,0.72,0.7383333333333333,0.7866666666666666,0.7166666666666667,0.7441666666666666,0.46840000000000004,0.4606,0.5004,0,0,8,0,0,0,8,0,0,0,4,4,0,0,8,0,0,0,7,1,0,8,0,0,0,8,0,0,0,0,8,0,0,-1,8,0,4
18304,266,292,344,264,308,-6.71,-7.88,0.12,4,c_1_labelled.csv,0.7216666666666667,0.7433333333333333,0.7866666666666666,0.72,0.7566666666666667,0.46645000000000003,0.4606,0.5006,0,0,8,0,0,0,8,0,0,0,3,5,0,0,8,0,0,0,6,2,0,8,0,0,0,8,0,0,0,0,8,0,0,-1,8,0,4
18403,268,291,344,265,315,-6.32,-7.77,0.27,4,c_1_labelled.csv,0.7233333333333334,0.7425,0.7866666666666666,0.7208333333333333,0.7625,0.46840000000000004,0.46115,0.50135,0,0,8,0,0,0,8,0,0,0,2,6,0,0,8,0,0,0,5,3,0,8,0,0,0,8,0,0,0,0,8,0,0,-1,8,0,4
18503,269,290,342,265,313,-6.51,-7.88,0.0,4,c_1_labelled.csv,0.7241666666666666,0.7416666666666667,0.785,0.7208333333333333,0.7608333333333334,0.46745,0.4606,0.5,0,0,8,0,0,0,8,0,0,0,1,7,0,0,8,0,0,0,4,4,0,8,0,0,0,8,0,0,0,0,8,0,0,-1,8,0,4
18604,271,290,339,264,317,-6.39,-7.85,0.24,4,c_1_labelled.csv,0.7258333333333333,0.7416666666666667,0.7825,0.72,0.7641666666666667,0.46805,0.46075000000000005,0.5012,0,0,8,0,0,0,8,0,0,0,0,8,0,0,8,0,0,0,3,5,0,8,0,0,0,8,0,0,0,0,8,0,0,-1,8,0,4
18703,268,289,340,263,316,-6.47,-7.85,0.0,4,c_1_labelled.csv,0.7233333333333334,0.7408333333333333,0.7833333333333333,0.7191666666666666,0.7633333333333333,0.46765,0.46075000000000005,0.5,0,0,8,0,0,0,8,0,0,0,0,8,0,0,8,0,0,0,2,6,0,8,0,0,0,8,0,0,0,0,8,0,0,-1,8,0,4
18803,269,286,340,263,317,-6.39,-7.96,-0.04,4,c_1_labelled.csv,0.7241666666666666,0.7383333333333333,0.7833333333333333,0.7191666666666666,0.7641666666666667,0.46805,0.46020000000000005,0.49979999999999997,0,0,8,0,0,0,8,0,0,0,0,8,0,0,8,0,0,0,1,7,0,8,0,0,0,8,0,0,0,1,7,0,0,-1,8,0,4
19003,261,267,318,244,313,-6.47,-7.69,0.08,4,c_1_labelled.csv,0.7175,0.7225,0.765,0.7033333333333334,0.7608333333333334,0.46765,0.46155,0.5004,0,0,8,0,0,0,8,0,0,0,0,8,0,0,8,0,0,0,1,7,0,8,0,0,0,8,0,0,0,1,7,0,0,-1,8,0,4
19103,257,242,286,217,283,-6.39,-7.65,0.47,4,c_1_labelled.csv,0.7141666666666666,0.7016666666666667,0.7383333333333333,0.6808333333333333,0.7358333333333333,0.46805,0.46175,0.50235,0,0,8,0,0,0,8,0,0,0,1,7,0,0,8,0,0,0,1,7,0,8,0,0,0,8,0,0,0,1,7,0,0,-1,8,0,4
19203,256,213,243,186,268,-6.39,-7.69,0.86,0,c_1_labelled.csv,0.7133333333333334,0.6775,0.7025,0.655,0.7233333333333334,0.46805,0.46155,0.5043,0,0,8,0,0,0,8,0,0,0,2,6,0,0,8,0,0,0,2,6,0,8,0,0,0,8,0,0,0,1,7,0,0,-1,8,0,4
19303,265,197,222,167,261,-6.32,-7.53,1.33,0,c_1_labelled.csv,0.7208333333333333,0.6641666666666667,0.685,0.6391666666666667,0.7175,0.46840000000000004,0.46235,0.50665,0,0,8,0,0,0,8,0,0,0,3,5,0,0,8,0,0,0,3,5,0,8,0,0,0,8,0,0,0,1,7,0,0,-1,8,0,4
19403,254,194,210,159,216,-6.47,-7.69,1.61,0,c_1_labelled.csv,0.7116666666666667,0.6616666666666666,0.675,0.6325,0.68,0.46765,0.46155,0.50805,0,0,8,0,0,0,8,0,0,0,4,4,0,0,8,0,0,0,4,4,0,8,0,0,0,8,0,0,0,1,7,0,0,-1,8,0,4
19503,257,187,207,152,209,-6.55,-7.81,1.41,0,c_1_labelled.csv,0.7141666666666666,0.6558333333333334,0.6725,0.6266666666666667,0.6741666666666667,0.46725,0.46094999999999997,0.50705,0,0,8,0,0,0,8,0,0,0,5,3,0,0,8,0,0,0,5,3,0,8,0,0,0,8,0,0,0,1,7,0,0,-1,8,0,4
19603,258,187,204,150,206,-6.67,-7.53,1.69,0,c_1_labelled.csv,0.715,0.6558333333333334,0.67,0.625,0.6716666666666666,0.46665,0.46235,0.50845,0,0,8,0,0,0,8,0,0,0,6,2,0,0,8,0,0,0,6,2,0,8,0,0,0,8,0,0,0,1,7,0,0,-1,8,0,0
19703,249,188,202,148,206,-7.14,-7.57,2.12,0,c_1_labelled.csv,0.7075,0.6566666666666666,0.6683333333333333,0.6233333333333333,0.6716666666666666,0.4643,0.46215000000000006,0.5106,0,0,8,0,0,0,8,0,0,0,7,1,0,0,8,0,0,0,7,1,0,8,0,0,0,8,0,0,0,0,8,0,0,-1,8,0,0
19803,241,186,205,150,206,-7.53,-7.34,2.51,0,c_1_labelled.csv,0.7008333333333333,0.655,0.6708333333333333,0.625,0.6716666666666666,0.46235,0.4633,0.5125500000000001,0,0,8,0,0,0,8,0,0,0,8,0,0,0,8,0,0,0,8,0,0,8,0,0,0,8,0,0,0,0,8,0,0,-1,8,0,0
19903,232,188,205,150,210,-7.22,-7.22,2.31,0,c_1_labelled.csv,0.6933333333333334,0.6566666666666666,0.6708333333333333,0.625,0.675,0.4639,0.4639,0.5115500000000001,0,0,8,0,0,0,8,0,0,0,8,0,0,0,8,0,0,0,8,0,0,8,0,0,0,8,0,0,0,0,8,0,0,-1,8,0,0
20003,230,189,205,148,210,-7.22,-7.18,2.24,0,c_1_labelled.csv,0.6916666666666667,0.6575,0.6708333333333333,0.6233333333333333,0.675,0.4639,0.46409999999999996,0.5112,0,0,8,0,0,0,8,0,0,0,8,0,0,0,8,0,0,0,8,0,0,8,0,0,0,8,0,0,0,0,8,0,0,-1,8,0,0
20103,231,187,205,148,208,-7.1,-7.18,2.12,0,c_1_labelled.csv,0.6925,0.6558333333333334,0.6708333333333333,0.6233333333333333,0.6733333333333333,0.4645,0.46409999999999996,0.5106,0,0,8,0,0,0,8,0,0,0,8,0,0,0,8,0,0,0,8,0,0,8,0,0,0,8,0,0,0,0,8,0,0,-1,8,0,0
20203,229,188,202,150,209,-7.3,-7.3,2.28,0,c_1_labelled.csv,0.6908333333333333,0.6566666666666666,0.6683333333333333,0.625,0.6741666666666667,0.4635,0.4635,0.5114,0,0,8,0,0,0,8,0,0,0,8,0,0,0,8,0,0,0,8,0,0,8,0,0,0,8,0,0,0,0,8,0,0,-1,8,0,0
20303,231,188,206,150,230,-7.02,-7.49,2.0,0,c_1_labelled.csv,0.6925,0.6566666666666666,0.6716666666666666,0.625,0.6916666666666667,0.46490000000000004,0.46255,0.51,0,0,8,0,0,0,8,0,0,0,8,0,0,0,8,0,0,0,8,0,0,8,0,0,0,8,0,0,0,0,8,0,0,-1,8,0,0
20403,262,202,228,175,239,-7.26,-7.3,2.43,0,c_1_labelled.csv,0.7183333333333334,0.6683333333333333,0.69,0.6458333333333334,0.6991666666666667,0.4637,0.4635,0.51215,0,0,8,0,0,0,8,0,0,0,8,0,0,0,8,0,0,0,8,0,0,8,0,0,0,8,0,0,0,0,8,0,0,-1,8,0,0
20503,246,226,274,207,246,-7.06,-7.3,2.08,4,c_1_labelled.csv,0.705,0.6883333333333334,0.7283333333333334,0.6725,0.705,0.4647,0.4635,0.5104,0,0,8,0,0,0,8,0,0,0,8,0,0,0,8,0,0,0,8,0,0,8,0,0,0,8,0,0,0,0,8,0,0,-1,8,0,0
20603,254,254,317,237,272,-6.86,-7.81,1.65,4,c_1_labelled.csv,0.7116666666666667,0.7116666666666667,0.7641666666666667,0.6975,0.7266666666666667,0.4657,0.46094999999999997,0.50825,0,0,8,0,0,0,8,0,0,0,7,1,0,0,8,0,0,0,8,0,0,8,0,0,0,8,0,0,0,0,8,0,0,-1,8,0,0
20703,260,277,341,254,307,-6.79,-7.73,0.94,4,c_1_labelled.csv,0.7166666666666667,0.7308333333333333,0.7841666666666667,0.7116666666666667,0.7558333333333334,0.46604999999999996,0.46135,0.5047,0,0,8,0,0,0,8,0,0,0,6,2,0,0,8,0,0,0,7,1,0,8,0,0,0,8,0,0,0,0,8,0,0,-1,8,0,0
20803,265,288,347,257,343,-6.75,-7.85,0.82,4,c_1_labelled.csv,0.7208333333333333,0.74,0.7891666666666667,0.7141666666666666,0.7858333333333334,0.46625,0.46075000000000005,0.5041,0,0,8,0,0,0,8,0,0,0,5,3,0,0,8,0,0,0,6,2,0,8,0,0,0,8,0,0,0,0,8,0,0,-1,8,0,4
20903,265,294,350,261,329,-6.39,-8.12,0.31,4,c_1_labelled.csv,0.7208333333333333,0.745,0.7916666666666666,0.7175,0.7741666666666667,0.46805,0.4594,0.50155,0,0,8,0,0,0,8,0,0,0,4,4,0,0,8,0,0,0,5,3,0,8,0,0,0,8,0,0,0,0,8,0,0,-1,8,0,4
21003,265,301,349,263,327,-6.2,-7.85,0.12,4,c_1_labelled.csv,0.7208333333333333,0.7508333333333334,0.7908333333333334,0.7191666666666666,0.7725,0.469,0.46075000000000005,0.5006,0,0,8,0,0,0,7,1,0,0,3,5,0,0,8,0,0,0,4,4,0,8,0,0,0,8,0,0,0,0,8,0,0,-1,8,0,4
21103,268,300,348,263,328,-6.43,-7.96,-0.31,4,c_1_labelled.csv,0.7233333333333334,0.75,0.79,0.7191666666666666,0.7733333333333333,0.46785,0.46020000000000005,0.49845,0,0,8,0,0,0,6,2,0,0,2,6,0,0,8,0,0,0,3,5,0,8,0,0,0,8,0,0,0,1,7,0,0,-1,8,0,4
21203,271,300,347,263,318,-6.2,-7.96,-0.47,4,c_1_labelled.csv,0.7258333333333333,0.75,0.7891666666666667,0.7191666666666666,0.765,0.469,0.46020000000000005,0.49765,0,0,8,0,0,0,5,3,0,0,1,7,0,0,8,0,0,0,2,6,0,8,0,0,0,8,0,0,0,2,6,0,0,-1,8,0,4
21303,272,299,343,263,321,-6.16,-7.92,-0.47,4,c_1_labelled.csv,0.7266666666666667,0.7491666666666666,0.7858333333333334,0.7191666666666666,0.7675,0.4692,0.4604,0.49765,0,0,8,0,0,0,5,3,0,0,0,8,0,0,8,0,0,0,1,7,0,8,0,0,0,8,0,0,0,3,5,0,0,-1,8,0,4
21403,270,299,343,262,317,-6.28,-7.96,-0.47,4,c_1_labelled.csv,0.725,0.7491666666666666,0.7858333333333334,0.7183333333333334,0.7641666666666667,0.4686,0.46020000000000005,0.49765,0,0,8,0,0,0,5,3,0,0,0,8,0,0,8,0,0,0,0,8,0,8,0,0,0,8,0,0,0,4,4,0,0,-1,8,0,4
21504,268,296,341,260,314,-6.12,-7.96,-0.51,4,c_1_labelled.csv,0.7233333333333334,0.7466666666666667,0.7841666666666667,0.7166666666666667,0.7616666666666667,0.4694,0.46020000000000005,0.49744999999999995,0,0,8,0,0,0,5,3,0,0,0,8,0,0,8,0,0,0,0,8,0,8,0,0,0,8,0,0,0,5,3,0,0,-1,8,0,4
21603,264,287,333,254,310,-6.32,-7.81,-0.31,4,c_1_labelled.csv,0.72,0.7391666666666666,0.7775,0.7116666666666667,0.7583333333333333,0.46840000000000004,0.46094999999999997,0.49845,0,0,8,0,0,0,5,3,0,0,0,8,0,0,8,0,0,0,0,8,0,8,0,0,0,8,0,0,0,6,2,0,0,-1,8,0,4
21703,258,252,303,231,267,-6.28,-7.81,0.08,4,c_1_labelled.csv,0.715,0.71,0.7525,0.6925,0.7225,0.4686,0.46094999999999997,0.5004,0,0,8,0,0,0,5,3,0,0,0,8,0,0,8,0,0,0,1,7,0,8,0,0,0,8,0,0,0,6,2,0,0,-1,8,0,4
21804,259,219,256,193,242,-6.98,-7.61,0.86,0,c_1_labelled.csv,0.7158333333333333,0.6825,0.7133333333333334,0.6608333333333334,0.7016666666666667,0.46509999999999996,0.46195,0.5043,0,0,8,0,0,0,6,2,0,0,1,7,0,0,8,0,0,0,2,6,0,8,0,0,0,8,0,0,0,6,2,0,0,-1,8,0,4
21903,244,201,226,170,259,-6.86,-7.77,1.1,0,c_1_labelled.csv,0.7033333333333334,0.6675,0.6883333333333334,0.6416666666666667,0.7158333333333333,0.4657,0.46115,0.5055,0,0,8,0,0,0,7,1,0,0,2,6,0,0,8,0,0,0,3,5,0,8,0,0,0,8,0,0,0,5,3,0,0,-1,8,0,4
22003,228,194,212,159,242,-6.2,-7.85,2.0,0,c_1_labelled.csv,0.69,0.6616666666666666,0.6766666666666666,0.6325,0.7016666666666667,0.469,0.46075000000000005,0.51,0,0,8,0,0,0,8,0,0,0,3,5,0,0,8,0,0,0,4,4,0,8,0,0,0,8,0,0,0,4,4,0,0,-1,8,0,4
22203,225,189,204,151,241,-6.63,-7.65,1.8,0,c_1_labelled.csv,0.6875,0.6575,0.67,0.6258333333333334,0.7008333333333333,0.46685000000000004,0.46175,0.509,0,0,8,0,0,0,8,0,0,0,4,4,0,0,8,0,0,0,5,3,0,8,0,0,0,8,0,0,0,3,5,0,0,-1,8,0,4
22303,223,189,204,150,217,-7.1,-7.41,1.8,0,c_1_labelled.csv,0.6858333333333333,0.6575,0.67,0.625,0.6808333333333333,0.4645,0.46295000000000003,0.509,0,0,8,0,0,0,8,0,0,0,5,3,0,0,8,0,0,0,6,2,0,8,0,0,0,8,0,0,0,2,6,0,0,-1,8,0,0
22403,223,189,206,150,214,-7.57,-7.41,2.0,0,c_1_labelled.csv,0.6858333333333333,0.6575,0.6716666666666666,0.625,0.6783333333333333,0.46215000000000006,0.46295000000000003,0.51,0,0,8,0,0,0,8,0,0,0,6,2,0,0,8,0,0,0,7,1,0,8,0,0,0,8,0,0,0,1,7,0,0,-1,8,0,0
22503,222,189,206,149,211,-7.1,-7.37,2.24,0,c_1_labelled.csv,0.685,0.6575,0.6716666666666666,0.6241666666666666,0.6758333333333333,0.4645,0.46314999999999995,0.5112,0,0,8,0,0,0,8,0,0,0,7,1,0,0,8,0,0,0,8,0,0,8,0,0,0,8,0,0,0,0,8,0,0,-1,8,0,0
22603,222,188,205,150,212,-7.18,-7.45,2.12,0,c_1_labelled.csv,0.685,0.6566666666666666,0.6708333333333333,0.625,0.6766666666666666,0.46409999999999996,0.46275,0.5106,0,0,8,0,0,0,8,0,0,0,8,0,0,0,8,0,0,0,8,0,0,8,0,0,0,8,0,0,0,0,8,0,0,-1,8,0,0
22703,222,189,206,150,216,-7.1,-7.69,2.04,0,c_1_labelled.csv,0.685,0.6575,0.6716666666666666,0.625,0.68,0.4645,0.46155,0.5102,0,0,8,0,0,0,8,0,0,0,8,0,0,0,8,0,0,0,8,0,0,8,0,0,0,8,0,0,0,0,8,0,0,-1,8,0,0
22803,223,189,206,150,213,-6.83,-7.26,2.16,0,c_1_labelled.csv,0.6858333333333333,0.6575,0.6716666666666666,0.625,0.6775,0.46585,0.4637,0.5108,0,0,8,0,0,0,8,0,0,0,8,0,0,0,8,0,0,0,8,0,0,8,0,0,0,8,0,0,0,0,8,0,0,-1,8,0,0
22903,222,190,207,151,224,-7.34,-7.41,2.16,0,c_1_labelled.csv,0.685,0.6583333333333333,0.6725,0.6258333333333334,0.6866666666666666,0.4633,0.46295000000000003,0.5108,0,0,8,0,0,0,8,0,0,0,8,0,0,0,8,0,0,0,8,0,0,8,0,0,0,8,0,0,0,0,8,0,0,-1,8,0,0
23003,233,198,218,170,224,-7.49,-7.61,2.2,0,c_1_labelled.csv,0.6941666666666667,0.665,0.6816666666666666,0.6416666666666667,0.6866666666666666,0.46255,0.46195,0.511,0,0,8,0,0,0,8,0,0,0,8,0,0,0,8,0,0,0,8,0,0,8,0,0,0,8,0,0,0,0,8,0,0,-1,8,0,0
23103,237,216,258,194,253,-6.9,-7.65,1.88,0,c_1_labelled.csv,0.6975,0.68,0.715,0.6616666666666666,0.7108333333333333,0.46549999999999997,0.46175,0.5094,0,0,8,0,0,0,8,0,0,0,8,0,0,0,8,0,0,0,8,0,0,8,0,0,0,8,0,0,0,0,8,0,0,-1,8,0,0
23203,242,234,286,216,250,-6.75,-7.96,1.49,4,c_1_labelled.csv,0.7016666666666667,0.695,0.7383333333333333,0.68,0.7083333333333334,0.46625,0.46020000000000005,0.50745,0,0,8,0,0,0,8,0,0,0,8,0,0,0,8,0,0,0,8,0,0,8,0,0,0,8,0,0,0,0,8,0,0,-1,8,0,0
23303,246,247,304,230,259,-6.43,-7.77,0.98,4,c_1_labelled.csv,0.705,0.7058333333333333,0.7533333333333333,0.6916666666666667,0.7158333333333333,0.46785,0.46115,0.5049,0,0,8,0,0,0,8,0,0,0,7,1,0,0,8,0,0,0,8,0,0,8,0,0,0,8,0,0,0,0,8,0,0,-1,8,0,0
23403,256,261,321,242,271,-6.28,-7.92,0.39,4,c_1_labelled.csv,0.7133333333333334,0.7175,0.7675,0.7016666666666667,0.7258333333333333,0.4686,0.4604,0.50195,0,0,8,0,0,0,8,0,0,0,6,2,0,0,8,0,0,0,8,0,0,8,0,0,0,8,0,0,0,0,8,0,0,-1,8,0,0
23503,263,272,331,250,295,-5.96,-7.77,0.0,4,c_1_labelled.csv,0.7191666666666666,0.7266666666666667,0.7758333333333334,0.7083333333333334,0.7458333333333333,0.4702,0.46115,0.5,0,0,8,0,0,0,8,0,0,0,5,3,0,0,8,0,0,0,8,0,0,8,0,0,0,8,0,0,0,0,8,0,0,-1,8,0,4
23603,267,281,336,255,291,-6.32,-7.92,0.27,4,c_1_labelled.csv,0.7225,0.7341666666666666,0.78,0.7125,0.7425,0.46840000000000004,0.4604,0.50135,0,0,8,0,0,0,8,0,0,0,4,4,0,0,8,0,0,0,8,0,0,8,0,0,0,8,0,0,0,0,8,0,0,-1,8,0,4
23703,270,285,339,256,310,-6.28,-7.77,0.08,4,c_1_labelled.csv,0.725,0.7375,0.7825,0.7133333333333334,0.7583333333333333,0.4686,0.46115,0.5004,0,0,8,0,0,0,8,0,0,0,3,5,0,0,8,0,0,0,7,1,0,8,0,0,0,8,0,0,0,0,8,0,0,-1,8,0,4
23803,273,287,338,257,315,-6.32,-7.85,0.08,4,c_1_labelled.csv,0.7275,0.7391666666666666,0.7816666666666666,0.7141666666666666,0.7625,0.46840000000000004,0.46075000000000005,0.5004,0,0,8,0,0,0,8,0,0,0,2,6,0,0,8,0,0,0,6,2,0,8,0,0,0,8,0,0,0,0,8,0,0,-1,8,0,4
23903,273,288,338,256,306,-6.39,-7.96,-0.12,4,c_1_labelled.csv,0.7275,0.74,0.7816666666666666,0.7133333333333334,0.755,0.46805,0.46020000000000005,0.49939999999999996,0,0,8,0,0,0,8,0,0,0,1,7,0,0,8,0,0,0,5,3,0,8,0,0,0,8,0,0,0,1,7,0,0,-1,8,0,4
24003,274,288,336,256,315,-6.63,-7.88,0.12,4,c_1_labelled.csv,0.7283333333333334,0.74,0.78,0.7133333333333334,0.7625,0.46685000000000004,0.4606,0.5006,0,0,8,0,0,0,8,0,0,0,0,8,0,0,8,0,0,0,4,4,0,8,0,0,0,8,0,0,0,1,7,0,0,-1,8,0,4
24103,274,287,336,256,325,-6.16,-7.85,0.27,4,c_1_labelled.csv,0.7283333333333334,0.7391666666666666,0.78,0.7133333333333334,0.7708333333333334,0.4692,0.46075000000000005,0.50135,0,0,8,0,0,0,8,0,0,0,0,8,0,0,8,0,0,0,3,5,0,8,0,0,0,8,0,0,0,1,7,0,0,-1,8,0,4
24203,272,286,332,254,314,-6.43,-7.88,0.31,4,c_1_labelled.csv,0.7266666666666667,0.7383333333333333,0.7766666666666666,0.7116666666666667,0.7616666666666667,0.46785,0.4606,0.50155,0,0,8,0,0,0,8,0,0,0,0,8,0,0,8,0,0,0,2,6,0,8,0,0,0,8,0,0,0,1,7,0,0,-1,8,0,4
24303,272,286,334,253,309,-6.47,-7.88,0.16,4,c_1_labelled.csv,0.7266666666666667,0.7383333333333333,0.7783333333333333,0.7108333333333333,0.7575,0.46765,0.4606,0.5008,0,0,8,0,0,0,8,0,0,0,0,8,0,0,8,0,0,0,1,7,0,8,0,0,0,8,0,0,0,1,7,0,0,-1,8,0,4
24403,265,267,316,238,293,-7.06,-8.28,0.2,4,c_1_labelled.csv,0.7208333333333333,0.7225,0.7633333333333333,0.6983333333333334,0.7441666666666666,0.4647,0.4586,0.501,0,0,8,0,0,0,8,0,0,0,0,8,0,0,8,0,0,0,1,7,0,8,0,0,0,8,0,0,0,1,7,0,0,-1,8,0,4
24503,257,233,273,208,263,-6.79,-8.2,0.47,4,c_1_labelled.csv,0.7141666666666666,0.6941666666666667,0.7275,0.6733333333333333,0.7191666666666666,0.46604999999999996,0.45899999999999996,0.50235,0,0,8,0,0,0,8,0,0,0,1,7,0,0,8,0,0,0,2,6,0,8,0,0,0,8,0,0,0,1,7,0,0,-1,8,0,4
24603,247,205,232,173,247,-6.08,-8.08,0.55,0,c_1_labelled.csv,0.7058333333333333,0.6708333333333333,0.6933333333333334,0.6441666666666667,0.7058333333333333,0.4696,0.4596,0.50275,0,0,8,0,0,0,8,0,0,0,2,6,0,0,8,0,0,0,3,5,0,8,0,0,0,8,0,0,0,1,7,0,0,-1,8,0,4
24704,260,194,212,159,242,-6.39,-7.65,1.45,0,c_1_labelled.csv,0.7166666666666667,0.6616666666666666,0.6766666666666666,0.6325,0.7016666666666667,0.46805,0.46175,0.50725,0,0,8,0,0,0,8,0,0,0,3,5,0,0,8,0,0,0,4,4,0,8,0,0,0,8,0,0,0,0,8,0,0,-1,8,0,4
24803,241,191,206,151,229,-6.43,-7.61,2.04,0,c_1_labelled.csv,0.7008333333333333,0.6591666666666667,0.6716666666666666,0.6258333333333334,0.6908333333333333,0.46785,0.46195,0.5102,0,0,8,0,0,0,8,0,0,0,4,4,0,0,8,0,0,0,5,3,0,8,0,0,0,8,0,0,0,0,8,0,0,-1,8,0,4
24903,233,190,206,150,218,-6.71,-7.57,2.08,0,c_1_labelled.csv,0.6941666666666667,0.6583333333333333,0.6716666666666666,0.625,0.6816666666666666,0.46645000000000003,0.46215000000000006,0.5104,0,0,8,0,0,0,8,0,0,0,5,3,0,0,8,0,0,0,6,2,0,8,0,0,0,8,0,0,0,0,8,0,0,-1,8,0,4
25004,226,190,205,149,221,-7.02,-7.53,1.92,0,c_1_labelled.csv,0.6883333333333334,0.6583333333333333,0.6708333333333333,0.6241666666666666,0.6841666666666667,0.46490000000000004,0.46235,0.5096,0,0,8,0,0,0,8,0,0,0,6,2,0,0,8,0,0,0,7,1,0,8,0,0,0,8,0,0,0,0,8,0,0,-1,8,0,0
25103,226,189,205,149,229,-7.14,-7.53,1.88,0,c_1_labelled.csv,0.6883333333333334,0.6575,0.6708333333333333,0.6241666666666666,0.6908333333333333,0.4643,0.46235,0.5094,0,0,8,0,0,0,8,0,0,0,7,1,0,0,8,0,0,0,8,0,0,8,0,0,0,8,0,0,0,0,8,0,0,-1,8,0,0
25203,225,188,204,148,232,-6.98,-7.41,1.92,0,c_1_labelled.csv,0.6875,0.6566666666666666,0.67,0.6233333333333333,0.6933333333333334,0.46509999999999996,0.46295000000000003,0.5096,0,0,8,0,0,0,8,0,0,0,8,0,0,0,8,0,0,0,8,0,0,8,0,0,0,8,0,0,0,0,8,0,0,-1,8,0,0
25403,227,189,205,149,228,-7.22,-7.49,1.96,0,c_1_labelled.csv,0.6891666666666667,0.6575,0.6708333333333333,0.6241666666666666,0.69,0.4639,0.46255,0.5097999999999999,0,0,8,0,0,0,8,0,0,0,8,0,0,0,8,0,0,0,8,0,0,8,0,0,0,8,0,0,0,0,8,0,0,-1,8,0,0
25503,232,192,209,154,222,-7.02,-7.49,1.65,0,c_1_labelled.csv,0.6933333333333334,0.66,0.6741666666666667,0.6283333333333333,0.685,0.46490000000000004,0.46255,0.50825,0,0,8,0,0,0,8,0,0,0,8,0,0,0,8,0,0,0,8,0,0,8,0,0,0,8,0,0,0,0,8,0,0,-1,8,0,0
25603,249,202,230,174,269,-6.63,-7.61,1.61,0,c_1_labelled.csv,0.7075,0.6683333333333333,0.6916666666666667,0.645,0.7241666666666666,0.46685000000000004,0.46195,0.50805,0,0,8,0,0,0,8,0,0,0,8,0,0,0,8,0,0,0,8,0,0,8,0,0,0,8,0,0,0,0,8,0,0,-1,8,0,0
25703,244,218,263,195,252,-6.51,-7.61,1.41,0,c_1_labelled.csv,0.7033333333333334,0.6816666666666666,0.7191666666666666,0.6625,0.71,0.46745,0.46195,0.50705,0,0,8,0,0,0,8,0,0,0,8,0,0,0,8,0,0,0,8,0,0,8,0,0,0,8,0,0,0,0,8,0,0,-1,8,0,0
25803,252,242,294,219,255,-6.71,-8.08,1.06,4,c_1_labelled.csv,0.71,0.7016666666666667,0.745,0.6825,0.7125,0.46645000000000003,0.4596,0.5053,0,0,8,0,0,0,8,0,0,0,8,0,0,0,8,0,0,0,8,0,0,8,0,0,0,8,0,0,0,0,8,0,0,-1,8,0,0
25903,261,260,317,237,267,-6.71,-7.88,0.9,4,c_1_labelled.csv,0.7175,0.7166666666666667,0.7641666666666667,0.6975,0.7225,0.46645000000000003,0.4606,0.5045000000000001,0,0,8,0,0,0,8,0,0,0,7,1,0,0,8,0,0,0,8,0,0,8,0,0,0,8,0,0,0,0,8,0,0,-1,8,0,0
26003,272,275,331,251,298,-6.47,-7.69,0.43,4,c_1_labelled.csv,0.7266666666666667,0.7291666666666666,0.7758333333333334,0.7091666666666666,0.7483333333333333,0.46765,0.46155,0.50215,0,0,8,0,0,0,8,0,0,0,6,2,0,0,8,0,0,0,8,0,0,8,0,0,0,8,0,0,0,0,8,0,0,-1,8,0,0
26103,276,283,339,254,311,-6.47,-7.96,0.16,4,c_1_labelled.csv,0.73,0.7358333333333333,0.7825,0.7116666666666667,0.7591666666666667,0.46765,0.46020000000000005,0.5008,0,0,8,0,0,0,8,0,0,0,5,3,0,0,8,0,0,0,7,1,0,8,0,0,0,8,0,0,0,0,8,0,0,-1,8,0,4
26203,275,289,343,256,296,-6.51,-7.85,0.12,4,c_1_labelled.csv,0.7291666666666666,0.7408333333333333,0.7858333333333334,0.7133333333333334,0.7466666666666667,0.46745,0.46075000000000005,0.5006,0,0,8,0,0,0,8,0,0,0,4,4,0,0,8,0,0,0,7,1,0,8,0,0,0,8,0,0,0,0,8,0,0,-1,8,0,4
26303,278,291,340,254,293,-6.63,-7.77,0.04,4,c_1_labelled.csv,0.7316666666666667,0.7425,0.7833333333333333,0.7116666666666667,0.7441666666666666,0.46685000000000004,0.46115,0.5002,0,0,8,0,0,0,8,0,0,0,3,5,0,0,8,0,0,0,7,1,0,8,0,0,0,8,0,0,0,0,8,0,0,-1,8,0,4
26403,278,292,339,254,295,-6.39,-7.85,-0.04,4,c_1_labelled.csv,0.7316666666666667,0.7433333333333333,0.7825,0.7116666666666667,0.7458333333333333,0.46805,0.46075000000000005,0.49979999999999997,0,0,8,0,0,0,8,0,0,0,2,6,0,0,8,0,0,0,7,1,0,8,0,0,0,8,0,0,0,1,7,0,0,-1,8,0,4
26503,280,289,335,255,294,-6.47,-7.77,-0.04,4,c_1_labelled.csv,0.7333333333333333,0.7408333333333333,0.7791666666666667,0.7125,0.745,0.46765,0.46115,0.49979999999999997,0,0,8,0,0,0,8,0,0,0,1,7,0,0,8,0,0,0,7,1,0,8,0,0,0,8,0,0,0,2,6,0,0,-1,8,0,4
26603,279,292,336,255,293,-6.63,-7.85,0.08,4,c_1_labelled.csv,0.7325,0.7433333333333333,0.78,0.7125,0.7441666666666666,0.46685000000000004,0.46075000000000005,0.5004,0,0,8,0,0,0,8,0,0,0,0,8,0,0,8,0,0,0,7,1,0,8,0,0,0,8,0,0,0,2,6,0,0,-1,8,0,4
26703,279,292,338,254,295,-6.35,-7.81,0.0,4,c_1_labelled.csv,0.7325,0.7433333333333333,0.7816666666666666,0.7116666666666667,0.7458333333333333,0.46825000000000006,0.46094999999999997,0.5,0,0,8,0,0,0,8,0,0,0,0,8,0,0,8,0,0,0,7,1,0,8,0,0,0,8,0,0,0,2,6,0,0,-1,8,0,4
26803,279,290,336,254,302,-6.63,-7.92,0.04,4,c_1_labelled.csv,0.7325,0.7416666666666667,0.78,0.7116666666666667,0.7516666666666667,0.46685000000000004,0.4604,0.5002,0,0,8,0,0,0,8,0,0,0,0,8,0,0,8,0,0,0,6,2,0,8,0,0,0,8,0,0,0,2,6,0,0,-1,8,0,4
26903,279,286,334,253,303,-6.75,-7.88,0.12,4,c_1_labelled.csv,0.7325,0.7383333333333333,0.7783333333333333,0.7108333333333333,0.7525,0.46625,0.4606,0.5006,0,0,8,0,0,0,8,0,0,0,0,8,0,0,8,0,0,0,6,2,0,8,0,0,0,8,0,0,0,2,6,0,0,-1,8,0,4
27003,271,267,315,240,305,-6.63,-7.81,0.43,4,c_1_labelled.csv,0.7258333333333333,0.7225,0.7625,0.7,0.7541666666666667,0.46685000000000004,0.46094999999999997,0.50215,0,0,8,0,0,0,8,0,0,0,0,8,0,0,8,0,0,0,5,3,0,8,0,0,0,8,0,0,0,2,6,0,0,-1,8,0,4
27103,254,227,262,201,253,-6.86,-7.69,1.1,4,c_1_labelled.csv,0.7116666666666667,0.6891666666666667,0.7183333333333334,0.6675,0.7108333333333333,0.4657,0.46155,0.5055,0,0,8,0,0,0,8,0,0,0,1,7,0,0,8,0,0,0,5,3,0,8,0,0,0,8,0,0,0,2,6,0,0,-1,8,0,4
27203,247,201,227,170,231,-6.35,-7.69,1.22,0,c_1_labelled.csv,0.7058333333333333,0.6675,0.6891666666666667,0.6416666666666667,0.6925,0.46825000000000006,0.46155,0.5061,0,0,8,0,0,0,8,0,0,0,2,6,0,0,8,0,0,0,5,3,0,8,0,0,0,8,0,0,0,1,7,0,0,-1,8,0,4
27303,244,194,214,158,263,-6.59,-7.69,1.61,0,c_1_labelled.csv,0.7033333333333334,0.6616666666666666,0.6783333333333333,0.6316666666666667,0.7191666666666666,0.46704999999999997,0.46155,0.50805,0,0,8,0,0,0,8,0,0,0,3,5,0,0,8,0,0,0,5,3,0,8,0,0,0,8,0,0,0,0,8,0,0,-1,8,0,4
27403,233,190,206,154,235,-6.55,-7.61,1.77,0,c_1_labelled.csv,0.6941666666666667,0.6583333333333333,0.6716666666666666,0.6283333333333333,0.6958333333333333,0.46725,0.46195,0.50885,0,0,8,0,0,0,8,0,0,0,4,4,0,0,8,0,0,0,5,3,0,8,0,0,0,8,0,0,0,0,8,0,0,-1,8,0,4
27503,225,190,204,152,223,-6.9,-7.61,1.92,0,c_1_labelled.csv,0.6875,0.6583333333333333,0.67,0.6266666666666667,0.6858333333333333,0.46549999999999997,0.46195,0.5096,0,0,8,0,0,0,8,0,0,0,5,3,0,0,8,0,0,0,5,3,0,8,0,0,0,8,0,0,0,0,8,0,0,-1,8,0,4
27603,223,190,205,151,232,-6.98,-7.53,1.77,0,c_1_labelled.csv,0.6858333333333333,0.6583333333333333,0.6708333333333333,0.6258333333333334,0.6933333333333334,0.46509999999999996,0.46235,0.50885,0,0,8,0,0,0,8,0,0,0,6,2,0,0,8,0,0,0,6,2,0,8,0,0,0,8,0,0,0,0,8,0,0,-1,8,0,0
27703,222,188,206,151,235,-7.02,-7.57,1.69,0,c_1_labelled.csv,0.685,0.6566666666666666,0.6716666666666666,0.6258333333333334,0.6958333333333333,0.46490000000000004,0.46215000000000006,0.50845,0,0,8,0,0,0,8,0,0,0,7,1,0,0,8,0,0,0,7,1,0,8,0,0,0,8,0,0,0,0,8,0,0,-1,8,0,0
27803,222,189,205,151,231,-6.83,-7.53,1.77,0,c_1_labelled.csv,0.685,0.6575,0.6708333333333333,0.6258333333333334,0.6925,0.46585,0.46235,0.50885,0,0,8,0,0,0,8,0,0,0,8,0,0,0,8,0,0,0,8,0,0,8,0,0,0,8,0,0,0,0,8,0,0,-1,8,0,0
27904,222,187,205,151,220,-6.9,-7.53,1.84,0,c_1_labelled.csv,0.685,0.6558333333333334,0.6708333333333333,0.6258333333333334,0.6833333333333333,0.46549999999999997,0.46235,0.5092,0,0,8,0,0,0,8,0,0,0,8,0,0,0,8,0,0,0,8,0,0,8,0,0,0,8,0,0,0,0,8,0,0,-1,8,0,0
28003,220,190,206,151,213,-7.06,-7.61,1.73,0,c_1_labelled.csv,0.6833333333333333,0.6583333333333333,0.6716666666666666,0.6258333333333334,0.6775,0.4647,0.46195,0.50865,0,0,8,0,0,0,8,0,0,0,8,0,0,0,8,0,0,0,8,0,0,8,0,0,0,8,0,0,0,0,8,0,0,-1,8,0,0
28103,255,199,219,167,245,-7.14,-7.57,1.88,0,c_1_labelled.csv,0.7125,0.6658333333333334,0.6825,0.6391666666666667,0.7041666666666667,0.4643,0.46215000000000006,0.5094,0,0,8,0,0,0,8,0,0,0,8,0,0,0,8,0,0,0,8,0,0,8,0,0,0,8,0,0,0,0,8,0,0,-1,8,0,0
28204,246,227,268,202,242,-6.94,-7.69,1.29,4,c_1_labelled.csv,0.705,0.6891666666666667,0.7233333333333334,0.6683333333333333,0.7016666666666667,0.4653,0.46155,0.5064500000000001,0,0,8,0,0,0,8,0,0,0,8,0,0,0,8,0,0,0,8,0,0,8,0,0,0,8,0,0,0,0,8,0,0,-1,8,0,0
28303,250,253,306,230,258,-6.43,-7.81,1.1,4,c_1_labelled.csv,0.7083333333333334,0.7108333333333333,0.755,0.6916666666666667,0.715,0.46785,0.46094999999999997,0.5055,0,0,8,0,0,0,8,0,0,0,7,1,0,0,8,0,0,0,8,0,0,8,0,0,0,8,0,0,0,0,8,0,0,-1,8,0,0
28403,263,272,329,246,269,-6.67,-7.88,0.55,4,c_1_labelled.csv,0.7191666666666666,0.7266666666666667,0.7741666666666667,0.705,0.7241666666666666,0.46665,0.4606,0.50275,0,0,8,0,0,0,8,0,0,0,6,2,0,0,8,0,0,0,8,0,0,8,0,0,0,8,0,0,0,0,8,0,0,-1,8,0,0
28603,272,289,342,257,305,-6.59,-7.81,0.24,4,c_1_labelled.csv,0.7266666666666667,0.7408333333333333,0.785,0.7141666666666666,0.7541666666666667,0.46704999999999997,0.46094999999999997,0.5012,0,0,8,0,0,0,8,0,0,0,5,3,0,0,8,0,0,0,7,1,0,8,0,0,0,8,0,0,0,0,8,0,0,-1,8,0,4
28703,274,295,345,259,293,-6.59,-7.92,0.04,4,c_1_labelled.csv,0.7283333333333334,0.7458333333333333,0.7875,0.7158333333333333,0.7441666666666666,0.46704999999999997,0.4604,0.5002,0,0,8,0,0,0,8,0,0,0,4,4,0,0,8,0,0,0,7,1,0,8,0,0,0,8,0,0,0,0,8,0,0,-1,8,0,4
28803,276,297,345,259,293,-6.51,-7.96,-0.04,4,c_1_labelled.csv,0.73,0.7475,0.7875,0.7158333333333333,0.7441666666666666,0.46745,0.46020000000000005,0.49979999999999997,0,0,8,0,0,0,8,0,0,0,3,5,0,0,8,0,0,0,7,1,0,8,0,0,0,8,0,0,0,1,7,0,0,-1,8,0,4
28903,275,297,343,254,295,-6.43,-7.85,-0.16,4,c_1_labelled.csv,0.7291666666666666,0.7475,0.7858333333333334,0.7116666666666667,0.7458333333333333,0.46785,0.46075000000000005,0.49920000000000003,0,0,8,0,0,0,8,0,0,0,2,6,0,0,8,0,0,0,7,1,0,8,0,0,0,8,0,0,0,2,6,0,0,-1,8,0,4
29003,275,296,340,261,297,-6.59,-7.73,-0.04,4,c_1_labelled.csv,0.7291666666666666,0.7466666666666667,0.7833333333333333,0.7175,0.7475,0.46704999999999997,0.46135,0.49979999999999997,0,0,8,0,0,0,8,0,0,0,1,7,0,0,8,0,0,0,7,1,0,8,0,0,0,8,0,0,0,3,5,0,0,-1,8,0,4
29103,276,293,340,257,298,-6.55,-7.81,-0.16,4,c_1_labelled.csv,0.73,0.7441666666666666,0.7833333333333333,0.7141666666666666,0.7483333333333333,0.46725,0.46094999999999997,0.49920000000000003,0,0,8,0,0,0,8,0,0,0,0,8,0,0,8,0,0,0,7,1,0,8,0,0,0,8,0,0,0,4,4,0,0,-1,8,0,4
29203,273,294,343,258,297,-6.47,-7.81,-0.12,4,c_1_labelled.csv,0.7275,0.745,0.7858333333333334,0.715,0.7475,0.46765,0.46094999999999997,0.49939999999999996,0,0,8,0,0,0,8,0,0,0,0,8,0,0,8,0,0,0,7,1,0,8,0,0,0,8,0,0,0,5,3,0,0,-1,8,0,4
29303,275,290,338,257,294,-6.43,-7.88,-0.08,4,c_1_labelled.csv,0.7291666666666666,0.7416666666666667,0.7816666666666666,0.7141666666666666,0.745,0.46785,0.4606,0.4996,0,0,8,0,0,0,8,0,0,0,0,8,0,0,8,0,0,0,7,1,0,8,0,0,0,8,0,0,0,6,2,0,0,-1,8,0,4
29403,273,289,337,257,295,-6.51,-7.85,-0.16,4,c_1_labelled.csv,0.7275,0.7408333333333333,0.7808333333333334,0.7141666666666666,0.7458333333333333,0.46745,0.46075000000000005,0.49920000000000003,0,0,8,0,0,0,8,0,0,0,0,8,0,0,8,0,0,0,8,0,0,8,0,0,0,8,0,0,0,7,1,0,0,-1,8,0,4
29503,275,289,334,252,305,-6.63,-7.81,-0.04,4,c_1_labelled.csv,0.7291666666666666,0.7408333333333333,0.7783333333333333,0.71,0.7541666666666667,0.46685000000000004,0.46094999999999997,0.49979999999999997,0,0,8,0,0,0,8,0,0,0,0,8,0,0,8,0,0,0,7,1,0,8,0,0,0,8,0,0,0,8,0,0,0,-1,8,0,4
29603,265,256,301,226,261,-6.94,-7.88,0.55,4,c_1_labelled.csv,0.7208333333333333,0.7133333333333334,0.7508333333333334,0.6883333333333334,0.7175,0.4653,0.4606,0.50275,0,0,8,0,0,0,8,0,0,0,0,8,0,0,8,0,0,0,7,1,0,8,0,0,0,8,0,0,0,7,1,0,0,-1,8,0,4
29703,252,220,255,190,244,-6.35,-7.57,1.1,0,c_1_labelled.csv,0.71,0.6833333333333333,0.7125,0.6583333333333333,0.7033333333333334,0.46825000000000006,0.46215000000000006,0.5055,0,0,8,0,0,0,8,0,0,0,1,7,0,0,8,0,0,0,7,1,0,8,0,0,0,8,0,0,0,6,2,0,0,-1,8,0,4
29803,246,201,223,167,227,-6.63,-7.88,1.33,0,c_1_labelled.csv,0.705,0.6675,0.6858333333333333,0.6391666666666667,0.6891666666666667,0.46685000000000004,0.4606,0.50665,0,0,8,0,0,0,8,0,0,0,2,6,0,0,8,0,0,0,7,1,0,8,0,0,0,8,0,0,0,5,3,0,0,-1,8,0,4
29903,238,193,209,155,271,-6.39,-7.65,1.77,0,c_1_labelled.csv,0.6983333333333334,0.6608333333333334,0.6741666666666667,0.6291666666666667,0.7258333333333333,0.46805,0.46175,0.50885,0,0,8,0,0,0,8,0,0,0,3,5,0,0,8,0,0,0,7,1,0,8,0,0,0,8,0,0,0,4,4,0,0,-1,8,0,4
30003,232,188,204,148,242,-6.35,-7.69,1.57,0,c_1_labelled.csv,0.6933333333333334,0.6566666666666666,0.67,0.6233333333333333,0.7016666666666667,0.46825000000000006,0.46155,0.5078499999999999,0,0,8,0,0,0,8,0,0,0,4,4,0,0,8,0,0,0,7,1,0,8,0,0,0,8,0,0,0,3,5,0,0,-1,8,0,4
30103,226,187,203,145,239,-6.86,-7.65,1.57,0,c_1_labelled.csv,0.6883333333333334,0.6558333333333334,0.6691666666666667,0.6208333333333333,0.6991666666666667,0.4657,0.46175,0.5078499999999999,0,0,8,0,0,0,8,0,0,0,5,3,0,0,8,0,0,0,7,1,0,8,0,0,0,8,0,0,0,2,6,0,0,-1,8,0,0
30203,224,186,202,144,205,-6.9,-7.34,1.77,0,c_1_labelled.csv,0.6866666666666666,0.655,0.6683333333333333,0.62,0.6708333333333333,0.46549999999999997,0.4633,0.50885,0,0,8,0,0,0,8,0,0,0,6,2,0,0,8,0,0,0,7,1,0,8,0,0,0,8,0,0,0,1,7,0,0,-1,8,0,0
30303,222,186,201,144,206,-7.37,-7.41,1.73,0,c_1_labelled.csv,0.685,0.655,0.6675,0.62,0.6716666666666666,0.46314999999999995,0.46295000000000003,0.50865,0,0,8,0,0,0,8,0,0,0,7,1,0,0,8,0,0,0,8,0,0,8,0,0,0,8,0,0,0,0,8,0,0,-1,8,0,0
30403,224,186,201,144,205,-7.06,-7.45,1.61,0,c_1_labelled.csv,0.6866666666666666,0.655,0.6675,0.62,0.6708333333333333,0.4647,0.46275,0.50805,0,0,8,0,0,0,8,0,0,0,8,0,0,0,8,0,0,0,8,0,0,8,0,0,0,8,0,0,0,0,8,0,0,-1,8,0,0
30503,223,186,202,144,223,-7.3,-7.37,1.65,0,c_1_labelled.csv,0.6858333333333333,0.655,0.6683333333333333,0.62,0.6858333333333333,0.4635,0.46314999999999995,0.50825,0,0,8,0,0,0,8,0,0,0,8,0,0,0,8,0,0,0,8,0,0,8,0,0,0,8,0,0,0,0,8,0,0,-1,8,0,0
30603,237,193,209,154,306,-6.83,-7.37,1.61,0,c_1_labelled.csv,0.6975,0.6608333333333334,0.6741666666666667,0.6283333333333333,0.755,0.46585,0.46314999999999995,0.50805,0,0,8,0,0,0,8,0,0,0,8,0,0,0,8,0,0,0,7,1,0,8,0,0,0,8,0,0,0,0,8,0,0,-1,8,0,0
30703,247,218,259,188,304,-6.43,-7.57,1.49,0,c_1_labelled.csv,0.7058333333333333,0.6816666666666666,0.7158333333333333,0.6566666666666666,0.7533333333333333,0.46785,0.46215000000000006,0.50745,0,0,8,0,0,0,8,0,0,0,8,0,0,0,8,0,0,0,6,2,0,8,0,0,0,8,0,0,0,0,8,0,0,-1,8,0,0
30803,257,250,305,224,291,-6.32,-7.49,0.75,4,c_1_labelled.csv,0.7141666666666666,0.7083333333333334,0.7541666666666667,0.6866666666666666,0.7425,0.46840000000000004,0.46255,0.50375,0,0,8,0,0,0,8,0,0,0,7,1,0,0,8,0,0,0,6,2,0,8,0,0,0,8,0,0,0,0,8,0,0,-1,8,0,0
30903,274,275,333,242,308,-6.71,-7.92,0.51,4,c_1_labelled.csv,0.7283333333333334,0.7291666666666666,0.7775,0.7016666666666667,0.7566666666666667,0.46645000000000003,0.4604,0.50255,0,0,8,0,0,0,8,0,0,0,6,2,0,0,8,0,0,0,5,3,0,8,0,0,0,8,0,0,0,0,8,0,0,-1,8,0,0
31003,283,289,342,252,279,-6.59,-7.85,0.43,4,c_1_labelled.csv,0.7358333333333333,0.7408333333333333,0.785,0.71,0.7325,0.46704999999999997,0.46075000000000005,0.50215,0,0,8,0,0,0,8,0,0,0,5,3,0,0,8,0,0,0,5,3,0,8,0,0,0,8,0,0,0,0,8,0,0,-1,8,0,0
31104,287,296,347,257,289,-6.51,-7.85,0.12,4,c_1_labelled.csv,0.7391666666666666,0.7466666666666667,0.7891666666666667,0.7141666666666666,0.7408333333333333,0.46745,0.46075000000000005,0.5006,0,0,8,0,0,0,8,0,0,0,4,4,0,0,8,0,0,0,5,3,0,8,0,0,0,8,0,0,0,0,8,0,0,-1,8,0,4
31203,290,301,349,262,329,-6.2,-7.81,-0.04,4,c_1_labelled.csv,0.7416666666666667,0.7508333333333334,0.7908333333333334,0.7183333333333334,0.7741666666666667,0.469,0.46094999999999997,0.49979999999999997,0,0,8,0,0,0,7,1,0,0,3,5,0,0,8,0,0,0,4,4,0,8,0,0,0,8,0,0,0,1,7,0,0,-1,8,0,4
31303,295,303,351,264,329,-6.51,-7.88,-0.2,4,c_1_labelled.csv,0.7458333333333333,0.7525,0.7925,0.72,0.7741666666666667,0.46745,0.4606,0.499,0,0,8,0,0,0,6,2,0,0,2,6,0,0,8,0,0,0,3,5,0,8,0,0,0,8,0,0,0,2,6,0,0,-1,8,0,4
31404,294,304,350,265,329,-6.51,-7.85,-0.24,4,c_1_labelled.csv,0.745,0.7533333333333333,0.7916666666666666,0.7208333333333333,0.7741666666666667,0.46745,0.46075000000000005,0.4988,0,0,8,0,0,0,5,3,0,0,1,7,0,0,8,0,0,0,3,5,0,8,0,0,0,8,0,0,0,3,5,0,0,-1,8,0,4
31503,295,303,349,265,329,-6.32,-8.0,-0.43,4,c_1_labelled.csv,0.7458333333333333,0.7525,0.7908333333333334,0.7208333333333333,0.7741666666666667,0.46840000000000004,0.46,0.49784999999999996,0,0,8,0,0,0,4,4,0,0,0,8,0,0,8,0,0,0,3,5,0,8,0,0,0,8,0,0,0,4,4,0,0,-1,8,0,4
31603,297,302,347,264,329,-6.32,-7.92,-0.51,4,c_1_labelled.csv,0.7475,0.7516666666666667,0.7891666666666667,0.72,0.7741666666666667,0.46840000000000004,0.4604,0.49744999999999995,0,0,8,0,0,0,3,5,0,0,0,8,0,0,8,0,0,0,2,6,0,8,0,0,0,8,0,0,0,5,3,0,0,-1,8,0,4
31803,296,301,346,262,283,-6.43,-7.92,-0.43,4,c_1_labelled.csv,0.7466666666666667,0.7508333333333334,0.7883333333333333,0.7183333333333334,0.7358333333333333,0.46785,0.4604,0.49784999999999996,0,0,8,0,0,0,2,6,0,0,0,8,0,0,8,0,0,0,3,5,0,8,0,0,0,8,0,0,0,6,2,0,0,-1,8,0,4
31903,286,295,343,259,283,-6.2,-7.92,-0.47,4,c_1_labelled.csv,0.7383333333333333,0.7458333333333333,0.7858333333333334,0.7158333333333333,0.7358333333333333,0.469,0.4604,0.49765,0,0,8,0,0,0,2,6,0,0,0,8,0,0,8,0,0,0,3,5,0,8,0,0,0,8,0,0,0,7,1,0,0,-1,8,0,4
32003,285,285,329,248,283,-6.43,-7.73,0.0,4,c_1_labelled.csv,0.7375,0.7375,0.7741666666666667,0.7066666666666667,0.7358333333333333,0.46785,0.46135,0.5,0,0,8,0,0,0,2,6,0,0,0,8,0,0,8,0,0,0,3,5,0,8,0,0,0,8,0,0,0,7,1,0,0,-1,8,0,4
32103,271,238,282,209,254,-6.55,-7.69,0.35,4,c_1_labelled.csv,0.7258333333333333,0.6983333333333334,0.735,0.6741666666666667,0.7116666666666667,0.46725,0.46155,0.5017499999999999,0,0,8,0,0,0,3,5,0,0,1,7,0,0,8,0,0,0,4,4,0,8,0,0,0,8,0,0,0,6,2,0,0,-1,8,0,4
32203,256,205,229,170,228,-6.39,-7.69,0.94,0,c_1_labelled.csv,0.7133333333333334,0.6708333333333333,0.6908333333333333,0.6416666666666667,0.69,0.46805,0.46155,0.5047,0,0,8,0,0,0,4,4,0,0,2,6,0,0,8,0,0,0,5,3,0,8,0,0,0,8,0,0,0,5,3,0,0,-1,8,0,4
32303,259,193,210,156,223,-6.55,-7.69,1.33,0,c_1_labelled.csv,0.7158333333333333,0.6608333333333334,0.675,0.63,0.6858333333333333,0.46725,0.46155,0.50665,0,0,8,0,0,0,5,3,0,0,3,5,0,0,8,0,0,0,6,2,0,8,0,0,0,8,0,0,0,4,4,0,0,-1,8,0,4
32403,253,190,204,149,205,-6.86,-7.73,1.73,0,c_1_labelled.csv,0.7108333333333333,0.6583333333333333,0.67,0.6241666666666666,0.6708333333333333,0.4657,0.46135,0.50865,0,0,8,0,0,0,6,2,0,0,4,4,0,0,8,0,0,0,7,1,0,8,0,0,0,8,0,0,0,3,5,0,0,-1,8,0,4
32503,241,187,203,146,268,-6.75,-7.49,1.06,0,c_1_labelled.csv,0.7008333333333333,0.6558333333333334,0.6691666666666667,0.6216666666666667,0.7233333333333334,0.46625,0.46255,0.5053,0,0,8,0,0,0,7,1,0,0,5,3,0,0,8,0,0,0,8,0,0,8,0,0,0,8,0,0,0,2,6,0,0,-1,8,0,4
32603,234,187,202,145,203,-7.45,-7.26,1.96,0,c_1_labelled.csv,0.695,0.6558333333333334,0.6683333333333333,0.6208333333333333,0.6691666666666667,0.46275,0.4637,0.5097999999999999,0,0,8,0,0,0,8,0,0,0,6,2,0,0,8,0,0,0,8,0,0,8,0,0,0,8,0,0,0,1,7,0,0,-1,8,0,0
32703,224,188,204,145,249,-7.26,-7.06,1.8,0,c_1_labelled.csv,0.6866666666666666,0.6566666666666666,0.67,0.6208333333333333,0.7075,0.4637,0.4647,0.509,0,0,8,0,0,0,8,0,0,0,7,1,0,0,8,0,0,0,8,0,0,8,0,0,0,8,0,0,0,0,8,0,0,-1,8,0,0
32803,221,187,202,145,228,-6.98,-7.18,1.61,0,c_1_labelled.csv,0.6841666666666667,0.6558333333333334,0.6683333333333333,0.6208333333333333,0.69,0.46509999999999996,0.46409999999999996,0.50805,0,0,8,0,0,0,8,0,0,0,8,0,0,0,8,0,0,0,8,0,0,8,0,0,0,8,0,0,0,0,8,0,0,-1,8,0,0
32903,222,186,203,144,223,-7.18,-7.26,1.57,0,c_1_labelled.csv,0.685,0.655,0.6691666666666667,0.62,0.6858333333333333,0.46409999999999996,0.4637,0.5078499999999999,0,0,8,0,0,0,8,0,0,0,8,0,0,0,8,0,0,0,8,0,0,8,0,0,0,8,0,0,0,0,8,0,0,-1,8,0,0
33003,220,187,204,145,215,-6.98,-7.34,1.49,0,c_1_labelled.csv,0.6833333333333333,0.6558333333333334,0.67,0.6208333333333333,0.6791666666666667,0.46509999999999996,0.4633,0.50745,0,0,8,0,0,0,8,0,0,0,8,0,0,0,8,0,0,0,8,0,0,8,0,0,0,8,0,0,0,0,8,0,0,-1,8,0,0
33103,219,187,203,145,254,-7.06,-7.34,1.53,0,c_1_labelled.csv,0.6825,0.6558333333333334,0.6691666666666667,0.6208333333333333,0.7116666666666667,0.4647,0.4633,0.50765,0,0,8,0,0,0,8,0,0,0,8,0,0,0,8,0,0,0,8,0,0,8,0,0,0,8,0,0,0,0,8,0,0,-1,8,0,0
33203,241,191,207,152,275,-7.02,-7.18,1.73,0,c_1_labelled.csv,0.7008333333333333,0.6591666666666667,0.6725,0.6266666666666667,0.7291666666666666,0.46490000000000004,0.46409999999999996,0.50865,0,0,8,0,0,0,8,0,0,0,8,0,0,0,8,0,0,0,8,0,0,8,0,0,0,8,0,0,0,0,8,0,0,-1,8,0,0
33303,239,210,248,182,265,-6.83,-7.37,1.53,0,c_1_labelled.csv,0.6991666666666667,0.675,0.7066666666666667,0.6516666666666666,0.7208333333333333,0.46585,0.46314999999999995,0.50765,0,0,8,0,0,0,8,0,0,0,8,0,0,0,8,0,0,0,8,0,0,8,0,0,0,8,0,0,0,0,8,0,0,-1,8,0,0
33403,248,246,303,220,275,-6.79,-7.65,1.02,4,c_1_labelled.csv,0.7066666666666667,0.705,0.7525,0.6833333333333333,0.7291666666666666,0.46604999999999996,0.46175,0.5051,0,0,8,0,0,0,8,0,0,0,7,1,0,0,8,0,0,0,8,0,0,8,0,0,0,8,0,0,0,0,8,0,0,-1,8,0,0
33503,264,275,334,246,266,-6.75,-7.69,0.78,4,c_1_labelled.csv,0.72,0.7291666666666666,0.7783333333333333,0.705,0.7216666666666667,0.46625,0.46155,0.5039,0,0,8,0,0,0,8,0,0,0,6,2,0,0,8,0,0,0,8,0,0,8,0,0,0,8,0,0,0,0,8,0,0,-1,8,0,0
33603,270,290,348,254,290,-6.43,-7.77,0.55,4,c_1_labelled.csv,0.725,0.7416666666666667,0.79,0.7116666666666667,0.7416666666666667,0.46785,0.46115,0.50275,0,0,8,0,0,0,8,0,0,0,5,3,0,0,8,0,0,0,8,0,0,8,0,0,0,8,0,0,0,0,8,0,0,-1,8,0,0
33703,273,298,351,258,336,-6.39,-7.88,0.31,4,c_1_labelled.csv,0.7275,0.7483333333333333,0.7925,0.715,0.78,0.46805,0.4606,0.50155,0,0,8,0,0,0,8,0,0,0,4,4,0,0,8,0,0,0,7,1,0,8,0,0,0,8,0,0,0,0,8,0,0,-1,8,0,4
33803,274,299,349,261,375,-6.55,-7.73,0.47,4,c_1_labelled.csv,0.7283333333333334,0.7491666666666666,0.7908333333333334,0.7175,0.8125,0.46725,0.46135,0.50235,0,0,8,0,0,0,8,0,0,0,3,5,0,0,8,0,0,0,6,2,0,8,0,0,0,8,0,0,0,0,8,0,0,-1,8,0,4
33903,275,303,346,260,310,-6.55,-7.69,0.78,4,c_1_labelled.csv,0.7291666666666666,0.7525,0.7883333333333333,0.7166666666666667,0.7583333333333333,0.46725,0.46155,0.5039,0,0,8,0,0,0,7,1,0,0,2,6,0,0,8,0,0,0,5,3,0,8,0,0,0,8,0,0,0,0,8,0,0,-1,8,0,4
34003,278,297,345,262,308,-6.47,-7.85,0.24,4,c_1_labelled.csv,0.7316666666666667,0.7475,0.7875,0.7183333333333334,0.7566666666666667,0.46765,0.46075000000000005,0.5012,0,0,8,0,0,0,7,1,0,0,1,7,0,0,8,0,0,0,4,4,0,8,0,0,0,8,0,0,0,0,8,0,0,-1,8,0,4
34103,277,300,344,261,302,-6.55,-7.88,0.24,4,c_1_labelled.csv,0.7308333333333333,0.75,0.7866666666666666,0.7175,0.7516666666666667,0.46725,0.4606,0.5012,0,0,8,0,0,0,6,2,0,0,0,8,0,0,8,0,0,0,3,5,0,8,0,0,0,8,0,0,0,0,8,0,0,-1,8,0,4
34203,276,298,343,260,303,-6.35,-7.85,0.43,4,c_1_labelled.csv,0.73,0.7483333333333333,0.7858333333333334,0.7166666666666667,0.7525,0.46825000000000006,0.46075000000000005,0.50215,0,0,8,0,0,0,6,2,0,0,0,8,0,0,8,0,0,0,2,6,0,8,0,0,0,8,0,0,0,0,8,0,0,-1,8,0,4
34304,275,296,340,258,318,-6.47,-7.73,0.31,4,c_1_labelled.csv,0.7291666666666666,0.7466666666666667,0.7833333333333333,0.715,0.765,0.46765,0.46135,0.50155,0,0,8,0,0,0,6,2,0,0,0,8,0,0,8,0,0,0,1,7,0,8,0,0,0,8,0,0,0,0,8,0,0,-1,8,0,4
34403,271,272,320,244,290,-6.71,-7.73,0.75,4,c_1_labelled.csv,0.7258333333333333,0.7266666666666667,0.7666666666666667,0.7033333333333334,0.7416666666666667,0.46645000000000003,0.46135,0.50375,0,0,8,0,0,0,6,2,0,0,0,8,0,0,8,0,0,0,1,7,0,8,0,0,0,8,0,0,0,0,8,0,0,-1,8,0,4
34503,256,230,272,206,260,-6.83,-7.81,1.14,4,c_1_labelled.csv,0.7133333333333334,0.6916666666666667,0.7266666666666667,0.6716666666666666,0.7166666666666667,0.46585,0.46094999999999997,0.5057,0,0,8,0,0,0,6,2,0,0,1,7,0,0,8,0,0,0,2,6,0,8,0,0,0,8,0,0,0,0,8,0,0,-1,8,0,4
34604,249,207,234,177,234,-6.59,-7.57,1.22,0,c_1_labelled.csv,0.7075,0.6725,0.695,0.6475,0.695,0.46704999999999997,0.46215000000000006,0.5061,0,0,8,0,0,0,6,2,0,0,2,6,0,0,8,0,0,0,3,5,0,8,0,0,0,8,0,0,0,0,8,0,0,-1,8,0,4
34703,247,196,214,160,228,-6.63,-7.57,1.49,0,c_1_labelled.csv,0.7058333333333333,0.6633333333333333,0.6783333333333333,0.6333333333333333,0.69,0.46685000000000004,0.46215000000000006,0.50745,0,0,8,0,0,0,7,1,0,0,3,5,0,0,8,0,0,0,4,4,0,8,0,0,0,8,0,0,0,0,8,0,0,-1,8,0,4
34803,239,190,206,149,243,-7.14,-7.53,1.65,0,c_1_labelled.csv,0.6991666666666667,0.6583333333333333,0.6716666666666666,0.6241666666666666,0.7025,0.4643,0.46235,0.50825,0,0,8,0,0,0,7,1,0,0,4,4,0,0,8,0,0,0,5,3,0,8,0,0,0,8,0,0,0,0,8,0,0,-1,8,0,4
35003,222,188,202,146,212,-7.1,-7.3,1.8,0,c_1_labelled.csv,0.685,0.6566666666666666,0.6683333333333333,0.6216666666666667,0.6766666666666666,0.4645,0.4635,0.509,0,0,8,0,0,0,8,0,0,0,5,3,0,0,8,0,0,0,6,2,0,8,0,0,0,8,0,0,0,0,8,0,0,-1,8,0,4
35103,221,186,202,144,211,-7.26,-7.34,1.77,0,c_1_labelled.csv,0.6841666666666667,0.655,0.6683333333333333,0.62,0.6758333333333333,0.4637,0.4633,0.50885,0,0,8,0,0,0,8,0,0,0,6,2,0,0,8,0,0,0,7,1,0,8,0,0,0,8,0,0,0,0,8,0,0,-1,8,0,0
35203,220,186,202,145,206,-7.26,-7.34,1.77,0,c_1_labelled.csv,0.6833333333333333,0.655,0.6683333333333333,0.6208333333333333,0.6716666666666666,0.4637,0.4633,0.50885,0,0,8,0,0,0,8,0,0,0,7,1,0,0,8,0,0,0,8,0,0,8,0,0,0,8,0,0,0,0,8,0,0,-1,8,0,0
35303,220,187,202,145,208,-7.06,-7.3,1.77,0,c_1_labelled.csv,0.6833333333333333,0.6558333333333334,0.6683333333333333,0.6208333333333333,0.6733333333333333,0.4647,0.4635,0.50885,0,0,8,0,0,0,8,0,0,0,8,0,0,0,8,0,0,0,8,0,0,8,0,0,0,8,0,0,0,0,8,0,0,-1,8,0,0
35403,220,186,202,145,207,-7.14,-7.3,1.84,0,c_1_labelled.csv,0.6833333333333333,0.655,0.6683333333333333,0.6208333333333333,0.6725,0.4643,0.4635,0.5092,0,0,8,0,0,0,8,0,0,0,8,0,0,0,8,0,0,0,8,0,0,8,0,0,0,8,0,0,0,0,8,0,0,-1,8,0,0
35503,222,189,203,148,220,-7.02,-7.41,1.69,0,c_1_labelled.csv,0.685,0.6575,0.6691666666666667,0.6233333333333333,0.6833333333333333,0.46490000000000004,0.46295000000000003,0.50845,0,0,8,0,0,0,8,0,0,0,8,0,0,0,8,0,0,0,8,0,0,8,0,0,0,8,0,0,0,0,8,0,0,0,0,0,0
