millis,Ngon_1,Ngon_2,Ngon_3,Ngon_4,Ngon_5,X,Y,Z
3,154,203,148,267,200,2.28,-10.55,1.06
103,154,204,147,267,200,2.47,-10.51,1.1
203,154,203,148,267,200,2.71,-10.55,1.1
303,155,203,147,267,200,2.55,-10.55,1.14
403,155,204,148,268,201,2.59,-10.59,0.98
503,154,203,147,268,201,2.55,-10.55,0.94
603,155,203,148,268,201,2.51,-10.55,1.14
703,154,203,148,268,201,2.67,-10.51,0.98
803,155,204,148,268,201,2.59,-10.59,1.14
903,155,203,148,268,201,2.63,-10.47,1.14
1003,154,203,148,268,202,2.47,-10.43,1.14
1103,155,203,148,268,201,2.55,-10.43,1.14
1203,155,203,148,268,201,2.63,-10.47,1.18
1303,155,203,148,268,201,2.71,-10.43,1.06
1403,154,203,147,269,202,2.71,-10.47,1.1
1503,154,203,148,269,202,2.55,-10.51,1.1
1603,155,204,148,268,201,2.67,-10.51,1.1
1703,154,204,148,268,201,2.71,-10.51,1.26
1803,155,204,148,268,202,2.59,-10.59,1.14
1903,155,204,148,268,201,2.63,-10.43,1.02
2003,156,204,148,269,201,2.51,-10.47,1.18
2103,155,203,148,268,201,2.59,-10.43,1.1
2203,155,204,148,268,202,2.55,-10.47,1.22
2304,155,204,148,268,201,2.75,-10.43,1.18
2403,155,204,148,269,202,2.59,-10.47,1.06
2503,155,203,148,268,202,2.59,-10.47,1.14
2604,155,203,147,268,202,2.59,-10.47,1.18
2703,155,203,148,269,202,2.67,-10.55,1.18
2803,155,204,148,269,202,2.59,-10.51,1.06
3003,155,204,148,268,202,2.59,-10.55,1.14
3103,155,204,148,268,202,2.59,-10.55,1.1
3203,155,204,147,269,201,2.63,-10.51,1.14
3303,155,204,148,268,202,2.59,-10.55,1.18
3403,155,204,149,268,202,2.59,-10.47,1.02
3503,155,204,148,269,202,2.59,-10.51,1.1
3603,155,204,149,269,201,2.63,-10.43,1.18
3703,155,203,148,268,202,2.67,-10.47,1.22
3803,155,204,148,268,202,2.63,-10.51,1.02
3903,154,204,148,268,202,2.63,-10.51,1.18
4003,155,204,148,268,202,2.71,-10.55,1.14
4103,155,204,148,268,202,2.67,-10.55,1.1
4203,155,204,148,268,202,2.67,-10.63,1.14
4303,154,204,148,268,202,2.71,-10.51,1.02
4403,155,204,148,268,202,2.9,-10.47,1.06
4503,155,203,148,268,201,2.75,-10.4,1.1
4603,155,204,148,268,202,2.94,-10.47,0.98
4703,155,204,148,269,202,2.75,-10.47,1.02
4803,155,204,148,267,202,2.28,-10.59,0.86
4903,154,203,149,268,201,2.28,-10.63,1.1
5003,155,204,148,267,201,1.92,-10.55,1.1
5103,155,203,149,268,201,1.92,-10.79,1.1
5203,155,204,148,268,201,2.43,-10.4,0.43
5303,154,203,148,268,201,2.67,-10.43,0.82
5403,155,204,148,267,201,2.55,-10.59,1.1
5504,155,203,149,268,201,2.51,-10.67,0.86
5603,154,204,148,268,201,2.82,-10.51,0.94
5703,154,204,148,268,202,2.51,-10.47,0.63
5804,154,204,148,268,201,2.55,-10.55,0.94
5903,155,203,148,269,202,3.1,-10.43,0.82
6003,154,203,147,268,202,2.59,-10.51,0.78
6203,155,204,148,268,202,2.59,-10.51,0.75
6303,155,203,148,268,202,2.63,-10.43,0.82
6403,154,204,147,269,202,2.51,-10.43,0.67
6503,155,203,147,269,202,2.28,-10.51,0.9
6603,154,203,147,268,202,2.24,-10.59,0.86
6703,155,204,147,269,202,2.24,-10.59,1.02
6803,155,204,147,269,202,2.39,-10.59,0.98
6903,154,203,148,268,202,2.08,-10.59,0.86
7003,154,204,148,269,202,1.73,-10.67,1.14
7103,155,204,148,270,202,2.16,-10.55,0.94
7203,155,204,148,269,202,2.04,-10.59,0.86
7303,155,204,147,268,202,1.96,-10.59,0.82
7403,155,203,147,269,202,1.8,-10.63,0.86
7503,155,204,148,269,202,1.8,-10.59,0.71
7603,155,203,148,269,202,1.84,-10.63,1.02
7703,155,204,148,269,202,1.77,-10.59,0.75
7803,155,204,148,268,202,1.49,-10.71,0.82
7903,155,204,148,268,202,2.04,-10.63,0.9
8003,155,204,149,269,202,1.96,-10.63,1.02
8103,155,204,148,268,202,1.96,-10.71,1.06
8203,155,204,149,268,202,1.73,-10.71,1.02
8303,155,204,149,268,202,1.92,-10.67,0.9
8403,155,204,149,268,203,1.53,-10.71,0.82
8503,155,204,149,269,203,1.77,-10.83,0.59
8603,155,204,149,268,202,1.65,-10.63,1.1
8704,155,204,150,269,204,1.61,-10.63,0.9
8803,155,204,150,269,203,1.8,-10.63,0.9
8903,155,204,150,269,203,1.73,-10.59,1.06
9004,155,204,150,268,203,2.04,-10.67,0.9
9103,155,204,150,269,203,1.88,-10.71,1.02
9203,155,204,151,269,203,1.69,-10.79,0.78
9403,156,203,150,268,203,1.53,-10.63,0.86
9503,155,204,150,268,202,1.84,-10.79,1.22
9603,155,203,149,268,203,1.92,-10.67,0.75
9703,155,203,150,269,203,1.77,-10.63,0.67
9803,155,203,149,268,203,1.53,-10.63,0.82
9903,155,203,150,268,203,1.8,-10.63,0.94
10003,155,203,149,268,203,1.92,-10.67,0.86
10103,155,203,150,270,204,1.88,-10.75,0.86
10203,155,203,149,269,204,1.69,-10.71,1.1
10303,155,204,149,268,204,1.8,-10.67,1.18
10403,155,204,148,269,203,1.69,-10.63,0.98
10503,156,203,149,268,204,1.77,-10.71,0.9
10603,155,204,148,269,204,1.77,-10.67,0.94
10703,155,203,148,268,204,1.77,-10.63,1.14
10803,156,203,148,269,204,1.73,-10.63,0.9
10903,154,203,147,268,204,1.57,-10.71,0.75
11003,156,203,148,269,205,1.69,-10.67,0.82
11103,156,203,147,269,204,1.8,-10.55,1.1
11203,156,204,148,269,204,1.65,-10.67,0.94
11303,156,203,147,269,204,1.8,-10.59,1.06
11403,156,203,148,269,204,1.88,-10.67,0.98
11503,156,203,148,269,204,1.77,-10.59,1.02
11603,156,204,148,269,204,1.8,-10.59,0.71
11703,156,203,148,269,205,1.8,-10.59,0.75
11803,156,204,148,269,204,1.77,-10.59,1.02
11904,156,204,148,269,204,1.61,-10.63,0.82
12003,156,203,148,269,204,1.65,-10.67,0.78
12103,156,204,148,269,204,1.65,-10.63,0.78
12204,156,204,148,269,205,1.73,-10.67,0.86
12303,156,203,147,269,204,1.65,-10.63,0.9
12403,157,204,148,270,204,1.65,-10.63,1.02
12603,156,204,149,270,205,1.84,-10.63,0.98
12703,156,203,149,269,204,1.77,-10.59,0.86
12803,156,204,148,270,204,1.57,-10.63,0.71
12903,156,204,149,270,204,1.73,-10.75,0.71
13003,156,204,149,270,204,1.73,-10.71,0.9
13103,157,204,149,270,204,1.73,-10.67,0.86
13203,157,203,149,270,205,1.69,-10.67,0.86
13303,157,204,149,270,204,1.73,-10.67,0.86
13403,157,204,150,270,204,1.8,-10.63,0.67
13503,156,204,150,271,204,1.8,-10.67,0.78
13603,156,204,150,271,204,1.65,-10.63,0.9
13703,156,204,150,271,204,1.84,-10.63,0.9
13803,156,204,150,271,204,1.92,-10.55,0.86
13903,156,204,151,271,204,1.88,-10.67,0.71
14003,156,204,149,272,205,2.12,-10.63,0.75
14103,156,204,150,272,204,2,-10.63,0.9
14203,156,204,150,272,204,1.88,-10.67,0.94
14303,156,204,150,272,204,1.92,-10.63,1.22
14403,156,204,150,271,204,2.12,-10.43,1.02
14503,156,204,149,271,203,2.12,-10.71,0.82
14603,156,204,150,270,203,2,-10.67,1.26
14703,155,203,148,270,202,1.84,-10.75,1.61
14803,155,203,149,270,202,2.2,-10.63,1.06
14903,155,203,149,269,201,1.88,-10.71,1.02
15003,156,203,149,270,201,1.61,-10.71,1.37
15104,155,203,148,269,201,1.84,-10.63,1.18
15203,155,203,149,269,200,1.77,-10.59,1.22
15303,155,203,148,269,200,1.29,-10.67,0.98
15404,155,203,148,269,201,1.29,-10.67,0.78
15503,155,204,149,269,200,1.41,-10.63,1.06
15603,155,203,147,269,201,1.41,-10.63,0.9
15803,155,203,148,269,201,1.29,-10.67,0.75
15903,155,203,148,269,200,1.33,-10.79,0.63
16003,155,203,148,270,200,1.61,-10.59,0.71
16103,155,203,148,269,201,1.18,-10.63,1.02
16203,155,203,148,269,200,1.22,-10.63,0.94
16303,155,203,148,270,201,1.49,-10.63,1.06
16403,155,204,147,270,201,1.41,-10.67,0.98
16503,155,204,147,271,201,1.57,-10.71,0.98
16603,155,203,148,270,201,1.49,-10.63,1.29
16703,155,204,148,270,202,1.41,-10.67,1.22
16803,155,204,148,270,202,1.41,-10.71,1.06
16903,155,204,149,270,201,1.65,-10.63,1.06
17003,155,203,149,271,204,1.37,-10.79,1.22
17103,155,204,149,270,203,1.49,-10.75,1.14
17203,155,203,149,271,203,1.65,-10.71,1.1
17303,155,204,149,271,203,1.65,-10.75,1.14
17403,156,204,148,270,204,1.49,-10.75,1.29
17503,155,204,148,270,203,1.22,-10.75,1.33
17603,155,204,149,270,203,1.41,-10.71,1.18
17703,155,204,150,270,203,1.33,-10.63,1.41
17803,156,203,150,271,203,1.1,-10.79,1.41
17903,156,203,150,270,203,0.98,-10.59,1.61
18003,156,204,150,270,203,1.22,-10.67,1.41
18103,156,204,150,270,203,1.26,-10.67,1.57
18203,156,204,150,270,203,1.02,-10.79,1.69
18304,156,205,150,269,203,1.14,-10.75,1.45
18403,156,204,150,270,202,1.02,-10.75,1.41
18503,157,204,151,269,203,1.14,-10.71,1.73
18604,156,203,150,270,202,1.06,-10.79,2.04
18703,156,204,150,269,202,1.33,-10.75,1.65
18803,156,204,149,269,202,1.18,-10.79,1.73
19003,156,203,149,270,202,1.22,-10.71,1.73
19103,156,204,149,269,202,1.22,-10.71,1.53
19203,156,204,148,269,201,1.14,-10.71,1.65
19303,156,203,149,269,201,1.14,-10.75,1.88
19403,156,203,148,269,201,1.41,-10.75,1.73
19503,156,203,148,269,201,1.29,-10.67,1.69
19603,155,203,148,269,201,1.22,-10.67,1.77
19703,156,203,149,268,201,1.18,-10.67,2.08
19803,156,203,148,268,200,1.18,-10.63,2.16
19903,154,203,148,268,201,1.26,-10.67,2.08
20003,155,204,148,268,200,1.26,-10.67,2
20103,156,203,148,268,201,1.41,-10.63,1.8
20203,156,203,148,268,201,1.22,-10.63,1.73
20303,155,204,148,269,201,1.33,-10.63,1.69
20403,156,203,148,268,200,1.33,-10.63,1.8
20503,155,203,148,268,200,2.12,-10.4,1.92
20603,155,204,147,268,200,2,-10.63,1.73
20703,155,203,148,267,200,1.69,-10.71,1.73
20803,155,204,148,268,199,1.84,-10.63,1.57
20903,155,205,148,268,199,1.8,-10.59,1.57
21003,156,203,147,268,200,1.77,-10.67,1.61
21103,155,204,148,267,200,1.61,-10.67,1.61
21203,155,204,148,267,199,1.84,-10.51,1.77
21303,155,204,147,268,199,2,-10.55,1.69
21403,155,204,149,268,198,1.92,-10.67,2.16
21504,155,204,148,268,198,2.04,-10.55,2.08
21603,154,204,148,268,198,2.39,-10.43,2
21703,155,204,148,268,198,2.16,-10.51,1.92
21804,155,204,149,267,198,2.24,-10.43,1.84
21903,155,204,149,268,197,2.28,-10.55,2.31
22003,154,205,149,268,197,2.08,-10.51,2.28
22203,154,205,149,268,197,2.12,-10.59,2.2
22303,154,205,148,268,197,2.16,-10.63,2.16
22403,154,205,149,268,196,2.28,-10.59,2
22503,154,205,149,268,197,2.35,-10.55,2.31
22603,154,205,149,267,196,2.51,-10.51,2.31
22703,154,205,149,268,196,2.43,-10.47,2.39
22803,154,205,149,268,196,2.47,-10.43,2.47
22903,154,205,150,268,196,2.16,-10.43,2.39
23003,155,205,149,268,196,2.28,-10.47,2.47
23103,154,205,149,268,196,2.43,-10.43,2.51
23203,154,205,150,268,196,2.55,-10.43,2.55
23303,154,205,148,268,196,2.59,-10.47,2.59
23403,154,205,149,268,196,2.63,-10.43,2.51
23503,154,205,149,268,196,2.59,-10.43,2.63
23603,154,204,149,267,196,2.47,-10.47,2.51
23703,154,205,150,268,196,2.47,-10.47,2.55
23803,154,204,149,268,196,2.79,-10.36,2.71
23903,154,205,149,268,196,3.06,-10.36,2.94
24003,154,205,149,268,196,2.82,-10.4,2.79
24103,153,205,149,268,196,3.26,-10.28,2.47
24203,154,204,149,267,196,2.94,-10.36,2.63
24303,154,205,149,268,196,2.82,-10.32,2.67
24403,154,205,149,267,196,2.86,-10.32,2.79
24503,154,204,148,267,196,3.02,-10.28,2.75
24603,154,204,149,268,196,2.9,-10.43,2.67
24704,153,204,149,267,196,2.75,-10.28,2.79
24803,154,204,149,267,196,2.86,-10.32,2.75
24903,154,204,149,267,196,3.14,-10.28,2.63
25004,154,204,148,267,196,3.37,-10.32,2.63
25103,154,205,148,267,196,3.3,-10.2,2.51
25203,153,205,149,268,196,3.41,-10.2,2.63
25403,153,205,149,267,196,3.37,-10.2,2.51
25503,154,205,149,267,196,3.14,-10.28,2.47
25603,153,204,149,267,196,3.22,-10.2,2.43
25703,154,205,149,267,196,3.18,-10.16,2.39
25803,154,204,149,267,196,3.57,-10.16,2.43
25903,154,205,150,267,196,3.8,-10.12,2.47
26003,154,205,149,268,197,4.08,-10.2,2.47
26103,154,205,149,268,197,3.22,-10.28,2
26203,154,205,149,269,196,2.9,-10.36,2.43
26303,153,205,149,268,196,2.9,-10.43,2.55
26403,154,204,149,267,196,2.71,-10.36,2.31
26503,154,204,149,268,196,2.71,-10.4,2.35
26603,154,204,149,267,195,2.9,-10.43,2.28
26703,153,204,148,267,195,2.79,-10.32,2.2
26803,154,204,149,266,195,2.67,-10.36,2.59
26903,154,204,149,266,195,2.67,-10.32,2.71
27003,154,204,148,266,194,2.59,-10.36,2.71
27103,154,204,148,266,195,2.67,-10.36,2.63
27203,154,205,148,266,194,2.63,-10.51,2.63
27303,154,204,148,266,194,2.79,-10.47,2.47
27403,153,204,148,266,195,2.75,-10.43,2.35
27503,153,204,148,266,195,3.02,-10.4,2.31
27603,154,204,149,266,194,3.06,-10.43,2.39
27703,153,204,148,266,195,3.06,-10.4,2.51
27803,154,204,148,266,195,2.86,-10.4,2.31
27904,153,204,148,266,195,3.26,-10.36,2.28
28003,154,204,148,266,195,3.1,-10.24,2.2
28103,154,204,148,266,196,3.02,-10.32,2.31
28204,153,204,148,267,196,2.98,-10.36,2.51
28303,154,204,149,266,196,2.86,-10.32,2.67
28403,154,205,149,267,196,2.98,-10.4,2.63
28603,154,204,149,266,196,2.98,-10.4,2.98
28703,153,204,149,267,196,3.06,-10.4,2.31
28803,153,205,148,266,195,3.77,-10.4,2.39
28903,153,204,149,266,196,3.06,-10.55,2.63
29003,153,204,148,266,195,3.22,-10.4,2.31
29103,153,204,148,265,195,2.51,-10.43,2.55
29203,153,204,148,266,195,2.28,-10.47,2.63
29303,153,204,148,266,195,2.51,-10.4,2.59
29403,153,204,148,266,195,2.39,-10.4,2.51
29503,153,204,147,266,195,2,-10.47,2.39
29603,153,203,148,266,195,1.8,-10.59,2.28
29703,153,204,148,266,194,1.96,-10.63,2.12
29803,153,203,148,266,195,2.08,-10.47,2.24
29903,153,203,148,266,195,1.61,-10.55,2.08
30003,153,203,148,266,195,1.49,-10.59,2.39
30103,153,204,148,267,195,2.04,-10.59,2.28
30203,153,203,148,267,196,2.55,-10.43,2
30303,152,203,148,267,195,1.77,-10.55,2.47
30403,152,203,148,267,196,1.37,-10.63,2.35
30503,153,204,148,267,196,1.49,-10.51,2.24
30603,152,203,148,267,196,1.37,-10.55,2.35
30703,153,203,147,267,196,1.73,-10.55,2.28
30803,153,203,148,267,196,1.8,-10.59,2.35
30903,152,203,147,267,196,1.61,-10.59,2.2
31003,153,203,148,267,195,1.73,-10.59,2.2
31104,153,203,148,266,196,1.73,-10.63,2.24
31203,153,204,148,266,196,1.77,-10.59,2.24
31303,152,204,148,267,196,1.77,-10.63,2.08
31404,153,203,148,267,196,1.77,-10.59,2.08
31503,153,204,148,267,196,1.53,-10.71,1.92
31603,153,204,147,267,196,1.49,-10.63,2.2
31803,153,203,148,267,196,1.57,-10.55,1.96
31903,153,203,148,267,196,1.61,-10.55,1.92
32003,153,204,148,267,196,1.37,-10.75,1.92
32103,152,203,149,267,196,1.14,-10.55,1.77
32203,153,203,148,267,196,0.9,-10.71,1.61
32303,153,203,149,267,196,1.14,-10.67,1.61
32403,153,204,149,267,196,1.14,-10.71,1.8
32503,153,203,148,267,196,0.86,-10.67,1.45
32603,153,203,149,267,196,0.51,-10.75,1.1
32703,153,203,148,267,197,-0.04,-10.83,1.06
32803,153,204,148,267,196,0.24,-10.79,1.45
32903,153,204,148,267,196,0.51,-10.67,1.22
33003,153,204,149,267,196,0.27,-10.75,1.1
33103,153,204,149,267,196,0.24,-10.75,0.86
33203,153,204,149,267,196,0.35,-10.87,0.82
33303,153,204,148,267,195,0.27,-10.67,0.35
33403,153,203,148,268,195,-0.08,-10.67,0.12
33503,153,203,149,267,195,-0.2,-10.67,0.04
33603,153,204,148,267,195,0.12,-10.83,0
33703,154,204,149,267,196,0.78,-10.71,0
33803,154,204,148,268,196,0.2,-10.83,-0.24
33903,154,204,148,268,196,0.27,-10.83,-0.39
34003,154,204,149,268,195,0.12,-10.71,0.24
34103,153,204,148,268,196,0.16,-10.75,0.67
34203,153,204,149,267,196,0.39,-10.67,0.55
34304,154,204,148,267,196,0.43,-10.67,0.51
34403,154,204,148,268,196,0.31,-10.75,0.55
34503,154,204,149,267,196,0.27,-10.59,0.71
34604,154,204,148,268,196,0.35,-10.71,1.22
34703,154,204,149,268,196,0.63,-10.55,1.41
34803,154,204,149,268,196,0.63,-10.67,1.37
35003,154,204,148,268,196,0.94,-10.67,1.45
35103,153,204,149,267,196,1.1,-10.79,1.57
35203,153,204,148,268,197,1.02,-10.67,1.8
35303,153,204,148,268,196,0.86,-10.79,1.84
35403,153,204,148,267,196,1.22,-10.59,2.08
35503,154,204,149,267,196,1.29,-10.71,2.08
35603,154,204,148,267,196,1.33,-10.63,1.88
35703,153,204,148,267,196,1.29,-10.63,2.08
35803,154,204,148,267,196,1.61,-10.63,2.24
35903,153,203,149,267,196,1.57,-10.59,2.12
36003,153,203,149,268,196,1.49,-10.63,2.16
36103,154,204,148,267,196,1.53,-10.67,2.04
36203,153,204,148,267,196,1.77,-10.63,2.08
36303,154,204,148,267,196,1.77,-10.59,2
36403,154,204,148,267,196,1.77,-10.59,1.77
36503,153,204,149,267,196,1.57,-10.71,1.88
36603,153,203,148,266,196,1.61,-10.67,2.04
36703,153,204,148,267,196,1.77,-10.67,1.8
36803,153,204,149,267,196,1.92,-10.63,1.88
36903,153,203,148,266,196,1.96,-10.67,2.16
37003,153,203,148,267,196,1.92,-10.59,2
37103,153,203,148,266,196,1.96,-10.55,2
37203,153,203,148,267,196,1.96,-10.55,2.04
37303,153,203,148,267,197,1.92,-10.59,2.04
37403,153,203,148,267,196,1.88,-10.67,1.92
37504,153,203,148,266,196,1.92,-10.67,2
37603,153,203,148,266,196,2.04,-10.59,1.88
37703,153,203,148,267,197,2,-10.67,2
37804,153,203,148,266,196,2.08,-10.63,2
37903,153,203,148,267,196,2.08,-10.63,1.8
38003,153,203,148,266,196,2.12,-10.63,1.92
38203,153,203,148,266,196,2.16,-10.63,1.96
38303,153,203,148,267,196,2.51,-10.55,1.84
38403,153,203,148,267,196,2.35,-10.55,1.96
38503,153,204,148,267,196,2.47,-10.51,2.12
38603,153,204,147,267,196,2.39,-10.55,1.88
38703,153,203,148,266,196,2.39,-10.47,1.88
38803,153,203,148,267,196,2.43,-10.51,1.88
38903,153,203,148,267,196,2.47,-10.55,1.84
39003,153,204,148,267,196,2.39,-10.59,1.96
39103,152,203,148,267,196,2.43,-10.55,2
39203,153,203,148,267,196,2.35,-10.59,1.88
39303,153,204,148,267,196,2.31,-10.63,1.96
39403,153,204,148,267,196,2.47,-10.55,1.92
39503,153,204,148,267,196,2.63,-10.59,1.88
39603,153,203,148,267,196,2.28,-10.55,1.92
39703,153,203,148,267,196,2.39,-10.47,2.04
39803,153,203,148,267,196,2.39,-10.51,2.16
39903,153,204,148,267,196,2.39,-10.43,2.12
40003,153,204,148,267,196,2.35,-10.51,2.08
40103,153,203,148,267,196,2.43,-10.47,2.08
40203,154,204,148,267,196,2.39,-10.47,2.04
40303,153,204,148,267,196,2.35,-10.59,2.12
40403,153,204,149,267,196,2.39,-10.47,2.08
40503,153,203,148,267,195,2.51,-10.51,2.12
40603,153,204,149,267,196,2.35,-10.59,2.43
40704,153,204,150,267,195,2.43,-10.55,2.35
40803,153,204,149,267,195,2.55,-10.47,2.2
40903,153,204,149,267,196,2.71,-10.47,2.43
41004,153,204,149,268,195,2.55,-10.43,2.51
41103,153,205,149,267,196,2.51,-10.4,2.39
41203,153,204,149,268,196,2.63,-10.4,2.47
41403,153,204,149,269,196,2.51,-10.47,2.94
41503,154,204,150,270,197,2.47,-10.47,3.1
41603,154,204,149,270,197,2.59,-10.36,2.9
41703,153,204,150,270,197,2.63,-10.32,3.02
41803,154,205,149,270,196,2.67,-10.43,3.22
41903,154,204,150,269,196,2.67,-10.36,3.22
42003,154,204,149,269,196,2.55,-10.28,3.26
42103,153,204,149,269,196,2.63,-10.32,3.26
42203,154,205,149,269,196,2.51,-10.36,3.33
42303,154,205,149,269,196,2.47,-10.4,3.61
42403,153,204,149,268,196,2.28,-10.32,3.22
42503,153,205,149,269,196,2.47,-10.36,2.75
42603,154,205,149,269,196,2.16,-10.51,2.51
42703,154,205,149,268,196,1.84,-10.55,2.63
42803,153,205,149,269,196,1.49,-10.59,2.71
42903,153,204,149,269,196,1.41,-10.63,2.55
43003,153,205,149,268,196,1.37,-10.59,2.35
43103,154,204,149,268,197,1.26,-10.71,2.16
43203,153,204,149,269,197,1.37,-10.71,2.28
43303,153,205,149,268,198,1.26,-10.79,1.84
43403,153,204,149,269,198,1.33,-10.67,2
43503,153,204,149,269,198,1.29,-10.67,2.08
43603,153,204,149,269,198,1.02,-10.63,1.88
43703,153,204,149,269,199,1.02,-10.63,1.69
43803,153,204,149,269,198,1.26,-10.51,1.57
43904,153,204,149,269,198,1.22,-10.59,1.41
44003,154,204,149,269,199,0.9,-10.59,0.94
44103,153,204,149,269,199,0.82,-10.71,0.59
44204,153,204,149,269,199,0.94,-10.71,0.16
44303,153,204,149,269,199,0.51,-10.51,0
44403,153,204,149,269,199,0.16,-10.63,0.04
44603,153,204,149,269,198,0.24,-10.55,-0.82
44703,153,203,149,268,197,0.31,-10.24,-1.61
44803,153,204,148,269,196,0.24,-10.28,-2.35
44903,153,204,148,268,196,0.82,-9.92,-2.51
45003,153,203,148,268,197,0.27,-9.89,-2.86
45103,153,204,149,268,196,0.43,-10,-2.75
45203,154,203,148,267,195,0.82,-9.38,-2.75
45303,153,203,148,267,194,1.14,-9.34,-3.69
45403,153,203,148,267,195,0.94,-9.22,-4.08
45503,153,203,148,267,195,0.86,-8.87,-4.43
45603,153,203,148,266,195,0.82,-8.79,-5.06
45703,153,203,148,267,195,0.67,-8.39,-5.65
45803,154,203,148,267,195,1.02,-7.85,-5.73
45903,153,203,148,267,195,1.02,-7.57,-6.24
46003,153,203,148,267,195,1.26,-7.37,-6.47
46103,154,203,147,267,195,0.9,-7.02,-6.32
46203,154,203,148,267,195,0.86,-6.39,-6.63
46303,153,203,148,266,195,1.14,-6.16,-7.26
46403,154,203,148,266,195,0.9,-6.12,-7.1
46503,154,203,148,267,195,0.78,-5.73,-7.26
46603,154,204,148,266,195,1.14,-5.49,-7.53
46703,154,203,148,267,195,1.02,-5.22,-7.69
46803,154,202,147,266,195,0.94,-5.18,-7.69
46903,154,204,148,267,195,0.78,-4.98,-7.65
47003,154,203,148,266,195,0.94,-4.79,-7.92
47104,154,203,148,266,194,0.94,-4.63,-8.08
47203,154,204,148,265,195,0.67,-4.43,-8.08
47303,154,203,148,266,194,0.55,-4.2,-7.96
47404,154,203,148,266,194,0.78,-3.88,-8.08
47503,154,203,148,266,194,0.98,-3.88,-8.16
47603,154,204,148,267,195,0.82,-3.65,-8.04
47803,154,204,148,266,194,0.55,-3.22,-8.39
47903,154,203,148,267,195,0.75,-2.94,-8.32
48003,154,203,148,267,194,0.82,-3.1,-8.08
48103,154,203,148,266,195,0.67,-3.02,-8.47
48203,154,204,148,266,194,0.75,-2.55,-8.79
48303,154,203,148,266,194,0.59,-2.55,-8.59
48403,154,203,148,266,194,0.75,-2.63,-8.39
48503,154,203,148,266,194,0.94,-2.43,-8.63
48603,154,203,148,266,194,0.86,-2.24,-8.71
48703,154,203,148,266,195,0.9,-2.12,-8.59
48803,154,204,148,266,194,1.02,-1.96,-8.79
48903,154,203,148,266,194,1.02,-1.69,-8.63
49003,154,203,148,266,194,0.9,-1.73,-8.79
49103,155,203,148,266,194,0.86,-1.73,-8.59
49203,154,203,149,266,195,0.9,-1.57,-8.63
49303,154,203,148,266,195,0.9,-1.61,-8.98
49403,154,204,148,266,194,1.02,-1.61,-8.55
49503,155,203,148,267,194,0.9,-1.57,-8.71
49603,155,203,148,266,194,0.98,-1.45,-8.79
49703,154,203,148,266,194,1.1,-1.45,-8.67
49803,155,204,148,266,194,0.94,-1.61,-8.79
49903,155,204,148,266,194,0.9,-1.57,-8.67
50003,154,203,148,267,194,1.1,-1.45,-8.71
50103,154,203,148,266,194,0.9,-1.33,-8.9
50203,154,203,148,266,195,1.02,-1.57,-8.59
50304,155,203,149,266,195,0.67,-1.88,-8.59
50403,155,204,148,267,194,0.35,-2,-8.94
50503,155,204,149,266,194,0.27,-2.04,-8.59
50604,155,204,149,266,195,0.16,-2.2,-8.67
50703,155,203,149,266,195,-0.2,-2.39,-8.51
50803,155,204,148,267,195,-0.59,-2.39,-8.43
51003,155,204,149,267,195,-0.78,-2.59,-8.55
51103,155,204,149,267,195,-0.9,-2.75,-8.47
51203,155,203,149,267,195,-1.33,-2.82,-8.32
51303,155,204,149,267,196,-1.49,-3.02,-8.24
51403,155,204,149,267,196,-1.69,-2.9,-8.32
51503,155,204,148,268,196,-1.65,-2.98,-8.24
51603,157,204,149,268,196,-2,-3.1,-7.85
51703,156,204,149,268,196,-2.39,-3.22,-7.92
51803,156,204,149,268,196,-2.79,-3.45,-7.81
51903,156,204,149,268,196,-3.57,-3.73,-7.41
52003,156,204,149,268,196,-3.92,-3.73,-6.94
52103,156,205,149,268,196,-4.35,-4,-6.94
52203,156,204,149,269,196,-4.55,-4.2,-6.9
52303,156,204,149,268,196,-4.79,-4.31,-6.67
52403,156,204,149,269,196,-5.18,-4.51,-6.2
52503,156,204,149,269,196,-5.02,-4.51,-6.28
52603,156,204,149,269,196,-5.06,-4.51,-6.24
52703,156,204,149,269,196,-5.14,-4.51,-6.24
52803,156,204,150,269,196,-4.9,-4.43,-6.24
52903,157,204,149,269,195,-5.02,-4.51,-6.24
53003,157,204,149,270,196,-5.02,-4.55,-5.92
53103,157,204,148,270,196,-5.1,-4.59,-5.92
53203,156,204,149,269,196,-5.06,-4.51,-6.08
53303,157,204,149,270,196,-5.37,-4.67,-5.65
53403,157,204,149,270,195,-5.57,-4.71,-5.61
53504,157,204,149,270,195,-6.04,-4.71,-5.57
53603,156,204,149,270,196,-6,-4.9,-5.22
53703,156,204,149,270,196,-6.16,-4.82,-5.3
53804,156,204,149,270,196,-6.32,-4.94,-5.37
53903,157,204,149,270,196,-6.24,-4.86,-5.06
54003,156,204,149,270,196,-6.04,-4.86,-4.94
54203,157,205,149,270,196,-6.2,-4.94,-4.94
54303,156,204,150,270,196,-6.47,-4.94,-4.94
54403,156,205,149,271,196,-6.24,-4.82,-4.9
54503,157,204,149,271,196,-6.75,-5.06,-4.86
54603,156,204,149,271,196,-6.55,-4.94,-4.79
54703,157,204,149,271,196,-6.59,-5.02,-4.63
54803,156,204,149,270,196,-6.71,-4.98,-4.55
54903,157,204,149,271,196,-6.55,-4.98,-4.55
55003,156,204,149,271,196,-6.51,-4.94,-4.47
55103,156,204,148,271,196,-6.39,-4.98,-4.24
55203,157,204,149,270,196,-6.63,-5.02,-4.31
55303,156,204,149,271,196,-6.94,-5.02,-4.16
55403,156,203,148,271,195,-7.06,-5.02,-4.2
55503,157,204,149,271,196,-7.41,-5.06,-3.88
55603,156,205,149,271,196,-7.26,-5.1,-3.84
55703,156,204,149,271,195,-7.22,-5.14,-3.69
55803,157,204,148,270,195,-7.22,-5.3,-3.61
55903,156,204,149,270,195,-7.53,-5.37,-2.94
56003,156,204,149,270,195,-7.57,-5.37,-2.71
56103,156,204,149,270,195,-7.57,-5.33,-2.67
56203,156,204,149,270,195,-7.61,-5.41,-2.79
56303,156,204,148,269,195,-7.65,-5.37,-2.71
56403,156,203,148,268,195,-7.61,-5.41,-2.71
56503,157,204,149,268,194,-7.73,-5.49,-2.39
56603,156,204,148,268,194,-7.65,-5.45,-1.84
56704,156,203,148,268,194,-7.61,-5.69,-1.65
56803,156,203,148,268,194,-7.85,-5.69,-1.29
56903,156,203,148,268,194,-8.28,-5.81,-0.75
57004,156,203,148,268,195,-8.24,-6.12,-0.16
57103,156,202,148,268,195,-8.08,-6.04,-0.43
57203,156,203,148,268,194,-8.24,-6.08,0.08
57403,156,204,148,268,194,-8.08,-6.2,0.71
57503,156,203,148,268,194,-7.88,-6.16,0.59
57603,156,203,149,268,194,-8.12,-6.08,0.67
57703,156,203,149,268,194,-7.88,-6.2,0.63
57803,156,204,148,268,194,-7.49,-6.08,0.43
57903,156,204,149,267,194,-7.65,-6.16,0.08
58003,155,203,148,267,194,-7.96,-6.16,-0.47
58103,156,203,148,267,194,-7.92,-6.12,-0.55
58203,156,203,148,268,194,-8,-6.28,-0.86
58303,156,203,148,267,194,-7.81,-6.16,-1.18
58403,156,203,148,267,194,-7.45,-6,-1.96
58503,156,204,148,267,194,-7.37,-6,-2.08
58603,156,203,148,268,194,-7.3,-5.96,-2.39
58703,156,203,147,268,194,-7.1,-5.92,-2.55
58803,155,203,148,267,194,-6.43,-5.81,-3.18
58903,155,203,148,267,194,-6.71,-5.73,-3.26
59003,156,203,148,267,194,-6.71,-5.81,-3.33
59103,156,203,148,267,195,-6.86,-5.81,-3.26
59203,156,203,148,267,194,-6.75,-5.73,-3.61
59303,156,203,148,267,195,-6.55,-5.69,-3.96
59403,156,203,149,267,195,-6.28,-5.73,-4.04
59503,156,203,148,267,195,-6.08,-5.53,-4.67
59603,156,203,148,266,195,-6.08,-5.49,-4.79
59703,156,203,148,266,195,-5.65,-5.49,-4.86
59803,155,203,148,267,195,-5.57,-5.45,-5.18
59904,155,203,147,267,195,-5.61,-5.33,-5.33
60003,155,203,148,267,195,-4.98,-5.37,-5.41
60103,156,203,149,267,195,-4.79,-5.14,-5.92
60204,156,203,148,267,195,-4.59,-5.1,-6.59
60303,155,203,148,267,195,-3.61,-4.75,-6.71
60403,156,203,148,267,196,-2.67,-4.63,-7.14
60603,156,203,148,267,196,-2.67,-4.35,-7.34
60703,155,203,148,266,195,-2.55,-4.47,-7.18
60803,156,203,148,267,196,-2.51,-4.24,-7.73
60903,156,203,148,267,196,-1.45,-3.88,-8
61003,156,203,148,267,196,-0.35,-3.37,-8.55
61103,155,203,148,267,196,-0.08,-2.98,-8.47
61203,156,203,149,267,196,0.16,-2.71,-8.36
61303,155,203,148,267,196,0.24,-2.79,-8.32
61403,155,204,148,267,196,0.47,-2.71,-8.63
61503,155,203,148,267,196,0.51,-2.31,-8.51
61603,155,203,149,267,195,0.82,-2,-8.43
61703,155,203,148,266,196,1.02,-2.08,-8.71
61803,156,203,149,267,196,1.02,-1.92,-8.9
61903,155,203,148,266,196,1.45,-1.8,-8.55
62003,155,203,148,267,196,1.73,-1.73,-8.43
62103,156,204,148,267,196,2.35,-1.57,-8.71
62203,156,202,148,267,196,2,-1.61,-8.9
62303,156,203,148,267,195,2.35,-1.57,-8.59
62403,156,203,148,267,196,2.16,-1.57,-8.43
62503,156,203,148,267,195,2.47,-1.41,-8.67
62603,156,203,148,267,195,2.47,-1.49,-8.63
62703,156,203,148,266,196,2.71,-1.49,-8.98
62803,155,203,148,267,195,2.55,-1.8,-9.22
62903,156,203,148,267,196,1.84,-2.75,-9.41
63003,155,204,148,267,195,0.9,-4.04,-7.92
63104,156,203,148,267,195,0.08,-5.3,-6.75
63203,156,203,149,267,195,0.71,-4.98,-7.37
63303,156,203,148,267,195,0.78,-5.49,-7.49
63404,156,204,148,268,196,-0.55,-6.51,-6.98
63503,157,203,149,267,196,-0.67,-7.02,-6.55
63603,156,203,148,268,196,-0.78,-7.22,-6.16
63803,156,204,149,267,196,-1.57,-8,-4.94
63903,156,204,148,267,196,-1.41,-8.2,-5.3
64003,156,203,149,267,196,-1.49,-8.28,-4.86
64103,157,203,148,268,196,-1.65,-8.55,-4.79
64203,157,204,149,267,196,-1.41,-8.87,-4.04
64303,157,204,148,267,196,-1.18,-9.02,-3.33
64403,157,204,149,267,197,-1.49,-9.1,-3.73
64503,158,204,148,267,196,-2.24,-9.22,-3.45
64603,158,203,149,267,197,-2.43,-9.41,-2.75
64703,157,203,149,267,196,-2.51,-9.45,-2.47
64803,158,204,148,267,197,-2.55,-9.53,-2.39
64903,157,204,148,267,196,-2.55,-9.65,-2.31
65003,158,204,149,267,196,-2.67,-9.65,-1.92
65103,158,204,148,267,196,-2.71,-9.89,-1.45
65203,158,204,150,267,196,-2.71,-9.92,-1.41
65303,158,203,149,267,196,-2.82,-10,-1.26
65403,158,204,149,267,196,-2.79,-9.96,-1.02
65503,159,203,149,267,196,-2.55,-10.08,-0.82
65603,158,203,149,267,196,-2.35,-10.08,-0.78
65703,158,204,149,266,196,-2.2,-10.16,-0.39
65803,158,204,149,267,195,-2.16,-10.24,-0.04
65903,158,204,149,267,195,-2.16,-10.32,0
66003,158,204,149,267,195,-1.96,-10.4,0.31
66103,158,204,149,266,196,-1.65,-10.4,0.27
66203,157,204,149,267,195,-1.77,-10.51,0.67
66304,157,203,149,267,195,-1.45,-10.43,0.71
66403,157,204,149,267,195,-1.65,-10.63,0.71
66503,156,203,149,267,195,-1.29,-10.55,0.63
66604,157,204,149,267,196,-0.86,-10.51,0.78
66703,157,204,148,267,195,-1.1,-10.63,1.06
66803,157,204,149,267,195,-1.18,-10.67,0.9
67003,157,204,149,267,196,-0.9,-10.63,0.98
67103,157,204,150,267,196,-0.78,-10.63,1.1
67203,156,204,148,268,196,-0.43,-10.63,1.26
67303,157,204,149,267,196,-0.04,-10.63,1.37
67403,157,204,149,267,196,-0.08,-10.67,1.53
67503,156,204,148,268,195,0.04,-10.75,1.57
67603,156,204,149,268,196,0.63,-10.55,1.69
67703,156,204,149,269,196,0.67,-10.67,2.04
67803,156,204,149,268,196,0.86,-10.67,2.12
67903,156,205,150,269,196,1.02,-10.63,2.24
68003,155,204,149,268,196,1.49,-10.55,2.31
68103,156,205,149,268,195,1.45,-10.59,2.59
68203,156,204,149,268,196,1.41,-10.63,2.71
68303,156,205,149,268,195,1.65,-10.55,2.71
68403,156,204,149,268,195,1.45,-10.59,2.67
68503,155,204,149,268,196,1.49,-10.59,2.63
68603,156,204,149,268,195,1.37,-10.59,2.47
68703,156,204,149,268,195,1.37,-10.63,2.39
68803,156,205,149,268,195,1.61,-10.59,2.47
68903,155,205,149,268,195,1.73,-10.67,2.39
69003,155,205,149,268,196,2.04,-10.51,2.2
69103,155,205,149,268,196,1.57,-10.59,2.12
69203,155,205,149,269,196,1.49,-10.71,2.16
69303,155,205,149,269,196,1.61,-10.71,1.96
69403,155,205,149,270,196,1.26,-10.71,1.92
69504,155,205,149,270,197,1.18,-10.71,1.77
69603,155,205,149,270,197,1.33,-10.55,1.65
69703,155,205,150,270,196,1.61,-10.67,2
69804,155,205,150,270,197,1.53,-10.75,1.92
69903,155,205,150,271,197,1.41,-10.63,1.77
70003,155,205,149,270,197,1.37,-10.71,1.88
70203,155,205,149,271,196,1.1,-10.71,1.88
70303,155,205,150,270,197,1.22,-10.75,1.92
70403,155,205,150,270,196,0.75,-10.87,2
70503,155,205,149,270,196,0.98,-10.75,2.08
70603,155,205,149,271,197,1.18,-10.67,1.77
70703,155,206,150,270,197,1.53,-10.67,2.16
70803,155,206,150,271,196,1.96,-10.63,2.16
70903,155,205,149,270,196,2,-10.43,2.28
71003,155,205,150,270,197,1.88,-10.55,2.12
71103,156,205,149,270,196,1.65,-10.75,2.08
71203,155,205,149,270,197,1.92,-10.63,1.77
71303,155,204,149,270,197,1.37,-10.59,1.65
71403,156,205,150,270,197,0.78,-10.67,1.77
71503,155,205,149,270,197,0.78,-10.71,1.65
71603,155,205,149,271,198,1.02,-10.67,1.8
71703,155,205,149,271,198,1.14,-10.71,1.92
71803,155,205,150,272,198,1.06,-10.71,1.96
71903,156,205,150,271,198,1.22,-10.71,1.88
72003,155,205,149,271,199,1.18,-10.71,2.04
72103,155,205,149,270,199,1.26,-10.55,1.57
72203,155,205,150,271,200,1.37,-10.55,2.16
72303,156,205,150,271,201,1.53,-10.55,2.04
72403,156,204,150,271,201,1.41,-10.67,1.61
72503,155,205,149,271,210,0.94,-10.63,2.04
72603,156,205,149,271,201,1.49,-10.63,1.96
72704,156,205,150,271,201,1.65,-10.63,2.12
72803,155,204,149,271,201,1.49,-10.63,1.96
72903,155,205,150,271,201,1.22,-10.63,1.96
73004,155,205,149,272,200,1.22,-10.79,2.2
73103,156,205,150,272,201,1.37,-10.55,2.08
73203,155,206,151,275,202,1.26,-10.67,2.31
73403,156,205,150,272,200,0.9,-10.79,2.31
73503,155,205,149,271,201,0.9,-10.59,1.92
73603,155,205,154,272,200,1.1,-10.67,2.16
73703,155,205,152,271,200,1.53,-10.59,2.28
73803,155,205,150,272,200,1.06,-10.71,2.31
73903,155,205,150,271,200,1.06,-10.67,2.04
74003,155,205,150,271,200,0.82,-10.87,2.47
74103,155,206,149,271,199,1.1,-10.67,2.04
74203,155,206,149,270,199,0.75,-10.75,2.08
74303,155,205,148,270,199,0.75,-10.75,2.12
74403,155,205,149,269,199,1.02,-10.71,2.28
74503,155,206,150,269,199,0.9,-10.79,2
74603,155,206,149,269,199,0.9,-10.71,1.96
74703,155,206,149,269,199,0.75,-10.55,2.04
74803,155,206,150,268,199,0.9,-10.71,2.08
74903,155,205,150,268,198,0.78,-10.75,2.2
75003,155,205,150,268,198,0.78,-10.71,2
75103,154,205,151,268,198,0.75,-10.75,2.2
75203,155,205,151,267,199,0.71,-10.63,1.8
75303,155,205,151,268,199,0.75,-10.59,1.84
75403,155,205,150,269,199,0.94,-10.83,2.51
75503,155,205,150,270,199,0.9,-10.79,2.39
75603,155,205,150,268,199,0.51,-10.67,1.88
75703,155,205,150,269,199,0.47,-10.75,2.24
75803,155,205,150,269,199,0.31,-10.67,2.08
75904,155,207,150,269,199,0.39,-10.63,2.08
76003,154,210,150,269,198,0.12,-10.67,1.73
76103,155,208,150,269,199,0.51,-10.67,2.08
76204,155,207,151,269,199,0.63,-10.59,2.39
76303,154,208,150,269,198,0.39,-10.67,1.92
76403,153,202,150,269,198,0.43,-10.67,1.8
76603,154,215,151,270,198,0.67,-10.63,1.88
76703,154,211,149,269,198,0.75,-10.63,2.04
76803,154,207,150,269,199,0.47,-10.63,2.04
76903,155,207,151,269,199,0.82,-10.63,2
77003,154,207,149,269,198,0.35,-10.87,2.31
77103,154,208,150,269,199,0.51,-10.55,1.77
77203,154,207,149,269,198,0.59,-10.83,2.35
77303,154,207,150,269,199,0.67,-10.43,1.77
77403,154,207,151,269,198,0.39,-10.75,2.28
77503,154,207,151,269,198,0.71,-10.51,2.12
77603,155,208,148,268,199,0.67,-10.55,1.96
77703,154,208,150,268,198,0.63,-10.67,2
77803,155,207,149,268,198,0.59,-10.59,1.96
77903,154,207,148,268,198,0.55,-10.71,1.88
78003,154,207,150,267,198,0.31,-10.71,2.08
78103,154,207,150,268,198,0.86,-10.67,2.12
78203,154,206,150,268,197,0.67,-10.67,2.43
78303,154,207,150,268,198,0.43,-10.67,2
78403,154,207,150,268,198,0.71,-10.59,2.31
78503,154,206,150,268,198,0.59,-10.67,2.39
78603,154,206,150,269,198,0.55,-10.59,2.12
78703,154,205,150,269,198,0.47,-10.75,2.39
78803,154,206,150,269,198,0.86,-10.51,2
78903,154,206,150,269,198,0.59,-10.71,2.31
79003,154,207,150,272,199,0.63,-10.67,2.2
79104,155,206,150,274,199,0.51,-10.67,2.24
79203,154,206,150,275,199,0.59,-10.67,2.16
79303,155,206,150,276,200,0.43,-10.79,2.12
79404,154,206,150,273,200,0.51,-10.87,2.04
79503,155,207,150,272,200,0.78,-10.59,2
79603,154,205,150,272,200,0.67,-10.83,2.51
79803,155,206,150,272,200,0.12,-10.63,1.88
79903,155,206,149,272,199,0.35,-10.67,2.16
80003,155,206,149,271,199,0.59,-10.71,2.04
80103,155,206,149,271,199,0.75,-10.75,2.12
80203,157,206,150,271,199,0.75,-10.59,2.16
80303,156,206,150,271,199,0.12,-10.75,1.8
80403,156,207,149,271,199,0.9,-10.75,2.28
80503,156,206,150,271,199,0.2,-10.75,1.73
80603,156,207,150,271,200,0.94,-10.71,2.08
80703,157,207,151,271,200,0.55,-10.75,2
80803,158,207,150,271,200,0.51,-10.63,1.8
80903,159,206,150,271,200,0.51,-10.71,1.8
81003,162,206,149,272,200,0.75,-10.63,1.96
81103,161,206,150,271,200,0.31,-10.67,1.69
81203,160,206,150,271,200,0.47,-10.79,1.96
81303,160,206,149,271,200,0.63,-10.47,1.49
81403,161,206,150,272,201,0.24,-10.67,1.61
81503,158,206,150,272,201,0.86,-10.9,2.24
81603,157,206,149,271,200,0.75,-10.71,1.96
81703,158,206,150,271,200,0.2,-10.59,1.88
81803,158,206,150,271,202,0.16,-10.55,1.61
81903,157,207,150,272,202,0.75,-10.43,1.65
82003,157,207,150,272,203,1.33,-11.06,2.24
82103,157,206,149,272,203,1.88,-10.36,2.35
82203,157,207,150,272,203,0.75,-10.67,2.04
82304,158,207,149,271,203,0.31,-10.71,1.88
82403,157,206,150,272,203,0.35,-10.67,1.88
82503,157,205,150,272,203,0.43,-10.75,1.96
82604,158,206,150,272,203,0.82,-10.71,1.88
82703,157,207,150,272,203,0.9,-10.55,2
82803,157,207,149,272,203,1.14,-10.63,1.45
83003,156,207,150,271,203,1.45,-10.67,1.92
83103,157,207,150,272,203,1.37,-10.71,1.8
83203,157,206,150,272,202,1.45,-10.75,1.88
83303,156,207,150,272,203,1.18,-10.67,1.77
83403,157,206,150,271,203,1.53,-10.63,1.88
83503,157,205,150,272,202,1.69,-10.59,1.61
83603,157,206,150,272,202,1.65,-10.67,1.53
83703,156,207,149,272,201,1.61,-10.59,1.77
83803,156,207,149,270,201,1.92,-10.67,1.84
83903,157,205,150,271,201,1.77,-10.55,1.77
84003,156,206,149,272,201,1.65,-10.59,1.57
84103,157,206,149,271,200,1.49,-10.63,1.84
84203,156,206,149,271,200,1.69,-10.79,1.61
84303,157,206,150,270,201,1.65,-10.67,1.73
84403,156,205,149,271,200,1.77,-10.67,1.88
84503,157,205,149,271,200,1.96,-10.55,1.73
84603,157,205,149,271,200,1.69,-10.71,1.84
84703,157,206,150,271,201,1.65,-10.75,1.96
84803,157,205,149,271,201,1.96,-10.63,1.77
84903,157,206,149,270,201,1.61,-10.67,1.84
85003,157,206,149,271,201,1.49,-10.71,2.08
85103,156,205,150,270,201,1.8,-10.55,1.77
85203,156,206,150,271,201,1.61,-10.63,1.84
85303,156,206,150,270,201,1.57,-10.63,1.8
85403,157,206,149,271,201,1.69,-10.67,1.84
85504,156,206,150,271,201,1.65,-10.71,1.92
85603,157,206,149,271,201,1.77,-10.67,1.88
85703,157,206,150,271,201,2.12,-10.51,2.12
85804,158,206,150,271,201,1.88,-10.71,2
85903,157,206,150,271,201,1.73,-10.67,1.92
86003,157,206,150,270,201,2.04,-10.63,1.96
86203,157,206,150,271,201,2.24,-10.55,2.2
86303,157,206,150,271,201,2.2,-10.55,2.16
86403,157,206,150,272,201,2.35,-10.51,2.43
86503,157,206,150,271,200,2.47,-10.43,2.39
86603,157,206,150,271,201,2.47,-10.43,2.12
86703,157,206,150,271,200,2.47,-10.47,2.35
86803,157,206,150,271,200,2.55,-10.43,2.39
86903,157,206,150,271,201,2.51,-10.4,2.28
87003,157,206,150,271,201,2.51,-10.51,2.31
87103,157,206,150,271,200,2.59,-10.47,2.35
87203,157,206,150,270,201,2.86,-10.4,2.31
87303,156,206,150,271,200,2.79,-10.43,2.39
87403,156,206,150,271,200,2.86,-10.43,2.51
87503,157,206,150,271,200,2.94,-10.32,2.31
87603,157,206,150,271,200,2.9,-10.36,2.47
87703,156,206,150,271,200,2.98,-10.36,2.43
87803,156,206,150,271,199,2.98,-10.32,2.39
87903,157,206,150,271,200,2.86,-10.36,2.39
88003,157,206,150,271,200,3.06,-10.36,2.47
88103,157,207,150,271,200,3.22,-10.32,2.51
88203,157,206,149,271,200,3.06,-10.36,2.39
88303,157,206,150,271,200,3.14,-10.32,2.43
88403,157,207,150,270,200,3.1,-10.36,2.51
88503,157,206,150,271,200,3.14,-10.24,2.51
88603,157,206,150,270,200,3.02,-10.4,2.67
88704,157,205,150,270,199,2.79,-10.51,2.9
88803,158,206,150,271,200,2.35,-10.55,2.47
88903,157,206,150,271,200,1.92,-10.36,2.24
89004,156,206,150,271,201,1.73,-10.55,2.39
89103,156,206,150,270,200,1.88,-10.55,2.28
89203,156,205,150,271,201,1.77,-10.63,2.24
89403,156,206,150,270,202,1.41,-10.59,2.2
89503,157,206,150,271,202,1.22,-10.63,1.96
89603,156,205,149,271,202,1.1,-10.75,2
89703,156,206,150,271,203,1.14,-10.71,1.8
89803,157,206,150,271,203,1.1,-10.71,1.96
89903,157,206,149,271,203,1.29,-10.67,1.84
90003,157,205,151,271,203,0.98,-10.79,1.65
90103,156,205,150,271,204,1.02,-10.67,1.37
90203,157,206,151,271,204,0.94,-10.67,1.69
90303,157,206,150,271,204,0.9,-10.71,1.73
90403,156,206,150,271,204,1.26,-10.71,1.57
90503,156,206,150,271,203,1.14,-10.75,1.45
90603,156,206,150,271,204,1.06,-10.67,1.33
90703,157,206,150,271,203,0.94,-10.71,1.53
90803,157,206,150,271,203,0.86,-10.71,1.33
90903,156,206,150,270,202,1.02,-10.75,1.41
91003,156,206,149,271,201,1.14,-10.75,1.29
91103,156,206,150,270,201,0.94,-10.75,1.33
91203,156,205,150,270,201,1.06,-10.67,1.18
91303,156,206,150,270,201,1.18,-10.75,1.02
91403,156,206,150,271,201,1.18,-10.71,0.78
91503,156,206,150,270,201,1.33,-10.67,0.63
91603,156,206,150,271,202,1.37,-10.67,0.39
91703,157,205,150,271,201,1.22,-10.71,0.39
91803,156,206,150,271,201,1.14,-10.71,0.2
91904,156,206,150,271,201,1.1,-10.67,0.12
92003,155,206,150,271,201,1.18,-10.63,0.12
92103,156,206,150,270,202,1.1,-10.59,0
92204,156,206,151,270,201,0.9,-10.47,-0.31
92303,156,206,151,271,202,1.02,-10.55,-0.51
92403,156,206,150,270,201,1.14,-10.59,-0.67
92603,156,206,150,270,201,1.1,-10.59,-0.94
92703,156,206,150,270,201,1.22,-10.43,-1.49
92803,156,206,151,270,201,1.14,-10.55,-1.8
92903,156,205,150,270,201,1.61,-10.36,-1.61
93003,156,205,151,270,200,0.63,-10.24,-1.06
93103,157,205,150,270,201,-0.59,-10.55,-1.45
93203,158,206,150,270,200,-1.22,-10.2,-0.67
93303,158,206,151,270,200,-1.65,-10.04,-0.2
93403,159,206,150,270,199,-1.92,-10.08,0.9
93503,159,206,150,269,198,-2.31,-10.16,2.04
93603,159,206,151,269,197,-1.92,-10.47,2.39
93703,159,207,150,268,197,-1.88,-11.02,3.45
93803,159,207,151,268,196,-1.26,-10.94,4
93903,159,206,151,268,195,-1.14,-11.06,3.65
94003,159,207,152,268,196,-0.39,-11.02,3.26
94103,158,207,152,268,196,-0.35,-10.32,3.22
94203,158,207,151,268,196,0.63,-9.61,3.14
94303,159,206,151,268,196,0.67,-10.51,2.9
94403,158,207,151,268,196,0.31,-10.63,3.49
94503,159,206,152,268,196,0.82,-10.79,2.98
94603,158,207,152,269,196,1.14,-10.71,3.3
94703,158,206,152,269,196,1.53,-10.36,3.22
94803,158,206,151,268,197,1.92,-10.24,3.02
94903,158,207,151,269,197,2.16,-10.24,2.98
95003,158,207,152,270,197,2.35,-10.16,3.18
95104,158,206,152,270,198,2.28,-10.36,3.18
95203,158,206,152,270,197,2.35,-10.47,2.9
95303,158,206,151,270,197,2.39,-10.36,2.82
95404,156,207,151,270,197,2.67,-10.4,2.9
95503,157,207,151,270,197,2.75,-10.4,2.9
95603,157,206,152,270,197,2.59,-10.36,2.94
95803,157,207,152,270,197,2.55,-10.32,3.06
95903,157,206,151,269,198,2.55,-10.43,3.18
96003,157,206,152,270,197,2.43,-10.28,3.06
96103,157,206,152,270,198,2.24,-10.24,3.18
96203,156,206,151,270,197,2.24,-10.59,2.98
96303,157,206,151,269,197,2.31,-10.32,3.18
96403,157,207,151,269,197,2,-10.36,3.18
96503,157,206,151,270,197,1.96,-10.4,3.18
96603,157,207,151,270,197,2.31,-10.2,2.86
96703,156,207,151,270,198,2.9,-10.24,2.94
96803,157,206,151,271,198,2.35,-10.28,3.14
96903,157,207,151,271,198,2.31,-10.2,3.06
97003,156,207,151,271,198,2.43,-10.16,3.18
97103,157,206,151,271,198,2.67,-10.47,3.06
97203,156,207,151,272,199,2.79,-10.43,2.59
97303,156,207,152,272,198,2.94,-10.2,2.28
97403,155,206,152,273,198,3.26,-10.12,2.31
97503,156,206,152,273,199,3.77,-10.2,2.35
97603,156,205,151,274,199,4,-10.28,2.47
97703,156,206,151,273,198,3.49,-10.08,2.63
97803,156,205,152,272,198,3.45,-10.16,2.55
97903,155,206,152,272,198,2.08,-10.47,3.37
98003,155,206,150,272,198,1.49,-10.51,3.37
98103,155,206,152,272,198,1.65,-10.51,3.61
98203,155,206,151,271,198,1.33,-10.43,3.61
98304,155,205,150,271,197,1.14,-10.71,3.37
98403,155,206,151,270,197,0.12,-10.36,2.86
98503,155,206,151,270,197,-0.16,-10.4,2.59
98604,155,206,151,269,197,-0.43,-10.71,2.59
98703,154,206,151,269,197,-0.47,-10.51,2.94
98803,155,205,150,269,197,-0.43,-10.43,2.98
99003,155,205,151,268,197,-0.59,-10.67,2.63
99103,155,205,150,268,197,-0.78,-10.55,3.02
99203,155,206,151,268,197,-0.47,-10.98,2.55
99303,155,205,150,267,196,-0.75,-11.53,2.28
99403,155,205,151,268,197,0,-11.53,2.12
99503,155,205,149,268,198,-0.04,-9.81,1.69
99603,155,205,149,268,198,-0.39,-9.65,0.98
99703,155,205,149,269,200,-0.86,-10.08,1.41
99803,154,205,149,269,199,-0.31,-11.06,1.77
99903,155,205,149,269,199,-0.63,-10.79,1.77
100003,155,204,149,268,199,-0.35,-10.9,1.41
100103,155,205,149,269,199,-0.08,-10.79,1.49
100203,155,205,149,269,199,-0.35,-10.04,1.53
100303,155,205,149,269,199,-0.55,-10.67,2.04
100403,155,205,150,269,200,-0.55,-10.67,1.37
100503,155,205,149,268,200,-0.59,-10.75,1.29
100603,155,205,149,269,199,-0.27,-10.83,1.69
100703,155,205,148,269,200,0.04,-10.43,1.65
100803,155,204,149,269,201,0.16,-10.55,1.49
100903,155,205,149,269,201,0.27,-10.43,1.73
101003,155,205,149,270,201,-0.04,-10.71,1.96
101103,155,205,149,269,200,0.35,-10.67,1.69
101203,155,205,148,269,201,0.24,-10.63,1.96
101303,156,205,149,269,201,0.08,-10.75,1.69
101403,155,205,149,269,202,0.16,-10.55,1.37
101504,155,205,149,270,201,0.04,-10.67,1.37
101603,155,204,149,270,202,0.12,-10.59,1.49
101703,155,205,149,270,202,0.08,-10.55,1.26
101804,155,205,149,269,202,-0.35,-10.67,0.75
101903,155,204,150,269,203,-0.24,-10.63,0.12
102003,155,205,149,270,202,0.04,-10.47,-0.47
102203,155,205,149,271,203,0.12,-10.43,-0.71
102303,155,205,149,270,203,-0.04,-10.43,-0.94
102403,156,205,149,271,203,-0.2,-10.43,-0.86
102503,156,205,149,271,204,0.08,-10.2,-0.82
102603,156,205,149,271,203,0,-10.36,-0.63
102703,156,205,149,270,203,-0.12,-10.59,-0.63
102803,156,205,149,271,203,-0.04,-10.55,-0.51
102903,156,205,149,271,203,-0.2,-10.55,-0.27
103003,156,205,148,270,202,0,-10.4,-0.08
103103,156,205,149,270,202,-0.51,-10.59,0.04
103203,157,204,149,270,201,-0.9,-10.4,0.35
103303,157,205,149,270,200,-1.22,-10.55,0.94
103403,156,205,149,269,200,-1.1,-10.59,0.78
103503,156,205,149,270,201,-1.02,-10.47,0.94
103603,157,205,149,270,200,-0.82,-10.51,1.06
103703,157,205,150,269,200,-0.94,-10.51,1.1
103803,157,205,149,270,200,-0.98,-10.67,1.14
103903,157,205,149,270,200,-0.98,-10.59,1.37
104003,157,205,149,270,199,-0.86,-10.71,1.65
104103,157,205,149,270,200,-0.75,-10.63,1.65
104203,156,206,149,270,200,-0.47,-10.63,1.88
104303,157,205,149,271,200,-0.24,-10.75,2.08
104403,157,205,149,270,200,-0.2,-10.67,2.2
104503,156,205,149,271,200,-0.24,-10.67,2.04
104603,157,205,149,270,200,-0.24,-10.59,2
104704,156,205,149,270,199,-0.16,-10.63,2.04
104803,157,205,150,270,199,-0.04,-10.55,2.12
104903,156,205,149,270,198,0.59,-10.59,2.63
105004,156,206,149,270,198,1.14,-10.51,2.47
105103,156,205,149,270,198,0.86,-10.59,2.39
105203,156,205,150,271,198,0.59,-10.51,2.51
105403,156,204,149,280,198,0.78,-10.51,2.39
105503,156,205,150,280,198,1.02,-10.4,2.79
105603,156,205,149,280,197,0.59,-9.96,2.82
105703,155,205,149,280,197,0.39,-11.3,2.79
105803,156,205,149,279,197,0.31,-10.67,2.59
105903,156,205,149,281,197,0.86,-9.85,2.9
106003,156,205,149,279,197,1.22,-10.28,2.82
106103,155,205,149,281,197,1.49,-11.14,2.79
106203,155,205,149,278,197,1.02,-10.55,3.37
106303,156,205,149,278,197,0.86,-10.24,3.1
106403,156,206,148,280,196,1.06,-10.55,2.47
106503,155,204,149,275,197,1.29,-11.06,2.43
106603,156,204,149,279,197,1.57,-10.63,2.55
106703,156,205,150,279,196,1.49,-10.83,2.16
106803,156,205,149,278,197,0.98,-10.67,2.08
106903,156,205,149,277,197,0.71,-10.75,1.92
107003,157,205,149,279,197,0.75,-10.71,2.16
107103,156,205,150,279,197,0.71,-10.67,2.24
107203,155,205,150,278,196,0.75,-10.67,1.96
107303,156,205,149,278,197,0.82,-10.71,2.12
107403,155,205,149,278,197,0.9,-10.67,1.96
107503,156,206,149,277,197,0.98,-10.71,2
107603,156,205,149,279,197,0.75,-10.67,1.96
107703,155,205,149,280,197,0.75,-10.71,2.04
107803,156,206,149,278,197,0.82,-10.67,2
107904,156,205,149,276,197,1.02,-10.63,1.96
108003,156,205,150,275,197,0.82,-10.67,1.88
108103,156,205,149,279,197,0.55,-10.63,2.04
108204,156,205,150,278,196,0.82,-10.79,1.92
108303,156,205,149,279,197,0.51,-10.71,2.04
108403,156,205,149,279,197,0.08,-10.71,1.69
108603,155,205,150,278,198,-0.59,-10.59,1.37
108703,156,205,149,279,197,-0.86,-10.59,1.22
108803,156,205,150,281,198,-0.94,-10.55,1.22
108903,157,205,150,279,198,-1.1,-10.59,1.22
109003,156,205,149,278,198,-1.37,-10.51,1.18
109103,156,205,149,279,198,-1.65,-10.59,0.98
109203,156,204,150,279,198,-1.84,-10.51,0.9
109303,156,205,149,279,198,-1.84,-10.47,0.71
109403,156,205,149,275,198,-1.88,-10.36,0.98
109503,156,205,148,279,198,-2.16,-10.43,0.9
109603,156,205,149,277,198,-2.24,-10.47,0.75
109703,157,205,149,275,198,-2.12,-10.24,0.63
109803,156,205,149,275,198,-2.2,-10.2,0.47
109903,156,205,149,274,198,-2.31,-10.28,0.59
110003,156,205,149,275,197,-2.35,-10.24,0.71
110103,156,205,149,275,197,-2.16,-10.24,0.71
110203,156,205,149,275,196,-2.39,-10.24,0.67
110303,157,205,149,274,197,-2.31,-10.36,0.67
110403,155,205,149,275,198,-2.28,-10.28,0.67
110503,156,205,149,273,197,-2.12,-10.28,0.59
110603,156,205,149,274,198,-2.28,-10.28,0.51
110703,156,205,149,275,197,-2.39,-10.28,0.63
110803,156,204,149,275,198,-2.35,-10.32,0.51
110903,156,205,149,277,198,-2.28,-10.28,0.31
111003,156,205,149,277,198,-2.2,-10.24,0.39
111104,156,205,149,276,198,-2.35,-10.28,0.24
111203,156,204,150,277,198,-2.35,-10.12,0.24
111303,156,205,149,276,198,-2.39,-10.2,0.04
111404,156,205,149,276,199,-2.31,-10.16,0.04
111503,157,204,149,279,199,-2.43,-10.2,-0.04
111603,156,206,149,277,199,-2.51,-10.36,-0.08
111803,156,204,149,275,199,-2.35,-10.04,-0.24
111903,156,205,150,276,199,-2.47,-10.24,-0.16
112003,156,205,149,277,199,-2.47,-10.12,-0.2
112103,156,205,149,276,200,-2.55,-10.08,-0.16
112203,156,206,149,275,199,-2.47,-10.12,-0.24
112303,157,206,149,275,200,-2.51,-10.08,-0.27
112403,156,205,148,275,200,-2.55,-10.2,0
112503,157,205,150,275,199,-2.59,-10.12,-0.16
112603,156,205,149,276,200,-2.55,-10,-0.35
112703,157,204,149,276,198,-2.82,-10.2,0.75
112803,157,206,149,274,197,-2.47,-10,2.67
112903,157,205,149,279,196,-2.28,-10.2,3.3
113003,157,205,149,277,196,-2.12,-10.08,3.53
113103,157,206,149,277,196,-1.45,-10.08,3.73
113203,158,206,149,276,196,-1.57,-10.08,3.41
113303,157,205,150,277,195,-1.73,-10.2,3.61
113403,158,205,149,277,195,-1.53,-10.32,3.69
113503,158,205,149,279,194,-1.06,-10.24,3.77
113603,158,206,150,278,195,-0.98,-10.2,4
113703,157,206,150,278,195,-0.67,-10.2,3.8
113803,157,206,149,276,195,-0.63,-10.2,3.88
113903,157,205,149,274,195,-0.55,-10.28,4.2
114003,158,206,150,275,195,-0.31,-10.28,4.16
114103,157,206,150,274,195,-0.35,-10.43,3.45
114203,157,205,150,274,195,-0.04,-10.24,3.33
114304,157,206,149,275,194,0.31,-10.43,3.73
114403,157,204,150,276,194,0.9,-10.24,3.61
114503,157,205,149,277,194,0.35,-10.36,3.33
114604,157,205,149,278,194,0.24,-10.47,3.22
114703,157,205,149,277,195,0.27,-10.47,3.3
114803,157,206,149,274,194,0.43,-10.47,3.18
115003,157,206,150,274,194,0.51,-10.55,3.1
115103,156,206,149,275,194,0.35,-10.51,3.3
115203,157,205,150,275,194,0.59,-10.51,3.02
115303,156,206,149,277,194,0.59,-10.59,3.06
115403,156,206,149,279,194,0.86,-10.59,2.86
115503,157,206,150,279,194,1.14,-10.47,2.75
115603,156,206,150,277,193,1.61,-10.51,3.1
115703,156,206,152,275,194,1.69,-10.43,3.02
115803,157,206,152,276,194,1.8,-10.43,2.9
115903,157,206,152,275,193,1.61,-10.47,3.1
116003,157,206,152,276,193,1.88,-10.4,3.33
116103,157,207,152,279,194,2.39,-10.36,3.45
116203,157,207,150,278,193,2.31,-10.2,3.73
116303,158,206,150,279,193,2.63,-10.2,3.57
116403,157,206,150,279,193,3.02,-10.08,3.57
116503,157,206,150,279,194,2.75,-10.08,3.8
116603,157,206,150,277,193,2.9,-10.08,3.69
116703,157,207,149,275,194,2.9,-10.04,3.61
116803,157,206,151,274,193,2.86,-10.16,3.77
116903,157,206,150,281,194,2.9,-10.16,3.8
117003,157,207,149,274,193,2.86,-10.12,3.69
117103,157,207,150,276,193,2.98,-10.04,3.69
117203,157,207,150,274,193,2.98,-10.08,3.77
117303,157,207,150,275,193,3.06,-10.04,3.73
117403,157,206,150,275,193,3.22,-10.04,3.69
117504,157,206,151,277,193,3.33,-9.96,3.77
117603,157,207,150,277,194,3.45,-10,3.69
117703,157,206,151,277,193,3.41,-10,3.65
117804,157,206,151,279,193,3.37,-10.04,3.77
117903,157,207,150,274,193,3.33,-10,3.77
118003,157,206,150,272,193,3.41,-10.04,3.73
118203,157,207,150,272,194,3.3,-10.04,3.61
118303,157,207,150,272,193,3.26,-10,3.65
118403,157,207,150,273,193,3.53,-10,3.65
118503,157,208,150,274,193,3.53,-9.96,3.69
118603,157,206,151,277,193,3.37,-10,3.49
118703,157,207,151,277,193,3.53,-10.08,3.61
118803,157,207,150,278,193,3.84,-9.96,3.8
118903,157,207,150,275,193,3.33,-10,3.49
119003,157,207,151,272,193,3.8,-9.96,3.65
119103,157,206,151,273,193,4.16,-9.89,3.69
119203,157,207,150,273,193,3.84,-9.81,3.65
119303,157,207,150,273,193,3.8,-9.96,3.73
119403,157,206,150,273,193,3.84,-9.96,3.53
119503,156,206,150,273,193,3.84,-9.89,3.41
119603,157,208,150,272,193,3.96,-9.92,3.73
119703,158,206,151,273,193,4,-9.89,3.61
119803,157,207,151,272,193,3.77,-9.96,3.88
119903,157,207,150,272,193,3.14,-9.96,3.65
120003,157,206,151,271,194,2.79,-9.96,4.31
120103,155,206,150,271,194,2.59,-10.2,4.39
120203,155,206,149,271,193,2.16,-9.96,4.71
120303,156,206,150,271,193,2.04,-10,4.67
120403,155,207,150,272,194,1.69,-10,4.79
120503,155,207,149,271,194,1.65,-10,4.98
120603,155,206,151,270,193,1.73,-9.96,4.79
120704,155,206,150,270,193,1.69,-9.92,4.94
120803,155,205,150,269,194,1.65,-9.92,5.33
120903,154,205,150,270,193,1.61,-9.89,5.14
121004,154,207,149,269,194,1.73,-9.89,5.02
121103,155,205,151,269,193,1.65,-9.92,4.98
121203,155,206,149,268,193,1.57,-9.81,5.33
121403,155,205,149,268,193,1.41,-9.81,5.22
121503,155,206,150,268,193,1.61,-9.85,5.37
121603,155,206,151,268,193,1.29,-9.81,5.37
121703,154,205,150,268,193,1.45,-9.69,5.41
121803,155,205,150,268,193,1.41,-9.73,5.45
121903,154,205,150,268,193,1.37,-9.65,5.61
122003,154,205,149,268,193,1.37,-9.65,5.61
122103,155,204,149,268,193,1.37,-9.69,5.53
122203,154,205,149,268,193,1.37,-9.69,5.57
122303,155,205,150,268,193,1.22,-9.69,5.88
122403,154,206,150,268,193,1.33,-9.77,5.49
122503,154,205,149,268,193,1.49,-9.81,5.1
122603,154,205,150,268,193,1.33,-9.89,5.3
122703,155,205,151,269,193,1.45,-9.89,5.18
122803,154,205,150,268,193,1.22,-10,4.75
122903,154,206,149,269,193,1.53,-10.24,4.59
123003,155,206,150,269,194,1.8,-9.96,4.71
123103,155,205,150,270,193,1.33,-10.36,3.53
123203,154,205,149,269,194,1.37,-10.36,3.45
123303,155,206,149,270,194,1.45,-10.28,3.65
123403,155,206,150,270,194,1.41,-10.32,3.49
123503,154,204,149,270,194,0.9,-10.55,3.37
123603,155,205,149,270,195,0.78,-10.59,2.9
123703,155,206,149,271,196,0.78,-10.43,2.59
123803,154,206,149,271,196,0.59,-10.63,2.71
123904,155,206,150,272,196,0.55,-10.67,2.51
124003,154,205,149,275,197,0.55,-10.55,2.51
124103,156,205,149,274,197,0.31,-10.67,2.31
124204,155,206,150,276,197,0.39,-10.63,2.51
124303,155,205,149,276,197,0.39,-10.63,2.55
124403,156,205,150,277,198,0.51,-10.55,2.55
124603,154,205,149,278,197,0.27,-10.71,2.28
124703,155,205,149,274,198,0.08,-10.63,2.2
124803,155,205,148,274,199,0.43,-10.67,2
124903,156,206,150,275,199,0.04,-10.75,1.88
125003,155,205,149,274,198,0.04,-10.75,2.08
125103,156,205,150,274,199,0.27,-10.63,2.08
125203,156,205,148,274,199,0.08,-10.67,1.96
125303,156,205,150,274,198,0.2,-10.67,1.8
125403,155,205,149,274,198,0.16,-10.75,2
125503,156,205,148,273,199,0.2,-10.63,2
125603,156,206,149,274,199,0.12,-10.67,1.88
125703,156,206,148,274,199,0.24,-10.71,2
125803,156,205,149,275,199,0.08,-10.67,1.92
125903,156,205,149,275,199,0.12,-10.67,1.73
126003,156,205,148,274,199,-0.08,-10.75,1.69
126103,156,206,150,274,199,-0.16,-10.79,1.77
126203,156,205,150,275,200,0,-10.83,1.69
126303,156,205,149,274,201,-0.16,-10.94,2
126403,156,205,149,276,202,0.04,-10.08,1.57
126503,156,205,149,276,202,-0.27,-10.59,1.45
126603,157,205,150,275,203,-0.31,-10.79,1.53
126703,157,206,149,276,202,-0.67,-10.75,1.49
126803,157,206,149,276,202,-0.31,-11.02,1.57
126903,157,206,149,277,202,-0.2,-12.04,1.53
127003,158,205,150,275,203,-0.9,-9.89,1.06
127104,157,206,149,275,203,-0.71,-10,1.41
127203,157,206,149,275,203,-1.14,-10.36,1.69
127303,157,205,149,276,204,-1.18,-10.08,0.9
127404,158,205,149,275,203,-1.02,-10.83,0.78
127503,157,206,150,276,203,-1.33,-10.71,0.82
127603,157,206,150,276,203,-1.26,-10.71,0.43
127803,157,205,149,275,203,-1.22,-10.47,0.51
127903,158,205,149,276,203,-1.26,-10.55,0.55
128003,158,205,150,276,204,-1.22,-10.59,0.39
128103,158,205,149,277,204,-1.22,-10.47,0.24
128203,157,205,150,275,205,-1.26,-10.43,-0.16
128303,157,206,149,278,205,-1.26,-10.55,-0.27
128403,157,205,149,282,206,-1.49,-10.63,-0.31
128503,157,205,150,282,206,-1.41,-10.51,-0.43
128603,157,206,150,283,206,-0.94,-10.36,-0.71
128703,157,205,150,278,206,-1.1,-10.47,-0.59
128803,157,206,149,278,206,-0.94,-10.32,-0.75
128903,157,206,149,277,206,-1.1,-10.47,-0.63
129003,157,206,150,277,206,-1.06,-10.36,-0.67
129103,157,206,149,276,205,-0.98,-10.47,-0.59
129203,158,206,149,277,205,-0.78,-10.36,-0.78
129303,158,206,150,276,204,-1.06,-10.47,-0.78
129403,158,205,150,276,204,-0.94,-10.36,-0.67
129503,158,206,150,276,204,-0.9,-10.28,-0.78
129603,158,205,149,276,203,-1.33,-10.55,-0.39
129703,159,205,149,275,202,-1.73,-10.43,0.27
129803,160,205,150,275,202,-1.49,-10.43,0.59
129903,159,205,149,275,202,-1.61,-10.43,0.75
130003,160,205,150,275,201,-2.2,-10.24,1.22
130103,160,205,150,276,200,-1.77,-10.59,2.04
130203,160,206,148,279,199,-1.65,-10.51,2.47
130304,161,205,149,279,199,-1.18,-10.2,2.28
130403,161,206,149,278,199,-1.18,-10.51,2.31
130503,160,205,149,279,198,-1.14,-10.59,2.79
130604,160,206,150,280,198,-0.67,-10.28,3.22
130703,160,206,149,280,198,-0.39,-10.43,3.18
130803,159,206,149,275,198,-0.35,-10.32,3.37
131003,158,205,149,275,197,0,-10.4,3.33
131103,158,205,149,275,197,0.16,-10.4,3.61
131203,157,205,149,274,197,0.59,-10.43,3.49
131303,158,205,150,274,197,0.59,-10.51,3.45
131403,157,205,150,274,197,0.55,-10.47,3.1
131503,157,205,149,274,197,0.75,-10.4,3.33
131603,158,205,149,274,197,0.78,-10.63,3.26
131703,157,205,150,276,197,0.78,-10.47,3.14
131803,157,204,150,278,197,0.78,-10.55,3.06
131903,157,205,149,278,197,1.06,-10.47,3.14
132003,157,205,149,276,196,0.86,-10.59,2.9
132103,157,205,149,275,197,1.02,-10.51,2.9
132203,157,205,149,274,197,0.9,-10.59,2.98
132303,157,206,149,274,197,1.18,-10.55,2.67
132403,157,205,149,273,197,1.29,-10.51,2.59
132503,157,205,149,275,197,1.26,-10.59,2.63
132603,157,205,150,274,197,1.26,-10.59,2.51
132703,157,204,150,276,198,1.41,-10.63,2.39
132803,158,205,149,276,198,1.45,-10.55,2.39
132903,157,206,149,276,198,1.49,-10.59,2.35
133003,157,206,150,276,198,1.45,-10.51,2.28
133103,157,206,149,276,199,1.45,-10.67,2.08
133203,157,205,149,277,199,1.41,-10.63,2.24
133303,158,206,149,276,199,1.49,-10.59,1.84
133403,157,205,150,279,200,1.45,-10.63,1.96
133504,158,205,148,280,199,1.45,-10.67,1.92
133603,157,205,149,279,199,1.49,-10.75,2.04
133703,157,205,149,276,199,1.41,-10.63,2
133804,157,205,149,277,200,1.49,-10.59,1.92
133903,157,205,149,278,200,1.45,-10.51,2.2
134003,157,205,150,280,199,1.41,-10.63,1.88
134203,157,205,149,278,199,1.92,-10.59,2.31
134303,156,205,148,280,199,1.69,-10.98,2.47
134403,157,205,149,278,199,1.77,-10.63,2.24
134503,157,205,149,279,199,1.96,-10.51,2.16
134603,157,205,150,276,199,1.61,-10.67,2.2
134703,157,205,149,278,198,1.73,-10.75,2.12
134803,156,205,149,276,198,1.69,-10.67,2.35
134903,157,205,149,278,199,1.57,-10.63,2.28
135003,156,205,149,277,199,1.49,-10.63,2.24
135103,157,205,149,277,199,1.57,-10.71,2.35
135203,156,205,150,275,199,1.49,-10.59,2.2
135303,157,205,149,274,199,1.53,-10.59,2.2
135403,156,205,149,275,199,1.61,-10.63,2.35
135503,157,205,149,275,199,1.41,-10.55,2.24
135603,157,205,149,275,199,1.37,-10.59,2.24
135703,157,205,150,275,199,1.53,-10.59,2.12
135803,157,205,149,276,199,1.57,-10.67,2.16
135903,157,205,149,274,199,1.49,-10.59,2.2
136003,156,204,150,276,199,1.49,-10.71,2.12
136103,157,205,149,276,199,1.77,-11.02,2.28
136203,157,205,149,276,199,1.92,-11.02,2.12
136303,157,204,150,276,199,1.49,-11.14,2.12
136403,157,205,148,278,201,1.06,-9.85,1.57
136503,156,205,149,279,202,1.57,-10.55,2.39
136603,157,205,149,279,203,1.49,-10.47,2.08
136704,157,205,149,279,204,1.57,-10.55,1.77
136803,157,205,150,279,203,1.45,-10.55,2.08
136903,156,205,149,281,203,1.53,-10.59,2.04
137004,157,205,149,282,204,1.92,-10.67,2
137103,156,205,149,282,204,2,-10.47,1.84
137203,156,205,149,283,204,2.08,-10.63,2.16
137403,157,205,149,279,204,1.92,-10.63,2.08
137503,155,204,149,279,204,2,-10.55,2.2
137603,157,205,150,278,205,1.92,-10.59,2.04
137703,157,205,148,277,204,1.57,-10.75,2.28
137803,157,205,150,278,204,1.65,-10.59,2.08
137903,157,205,149,278,204,1.88,-10.63,2.28
138003,156,205,149,277,204,1.77,-10.55,2.12
138103,156,205,149,277,204,1.33,-10.59,2.16
138203,157,204,149,277,205,1.53,-10.51,1.92
138303,157,205,149,277,203,1.22,-10.55,1.96
138403,157,205,149,276,205,1.14,-10.67,2.16
138503,156,205,149,276,205,1.02,-10.67,1.84
138603,157,203,148,275,205,1.06,-10.67,1.77
138703,157,205,149,276,205,0.98,-10.75,2
138803,157,204,149,276,205,1.02,-10.67,2
138903,157,205,149,276,205,1.1,-10.59,1.77
139003,157,204,149,275,205,0.75,-10.79,2
139103,156,204,149,276,205,1.1,-10.63,2.28
139203,157,205,149,275,205,1.1,-10.55,2
139303,157,205,149,275,204,1.02,-10.71,2.08
139403,156,205,150,275,205,0.98,-10.59,1.96
139503,157,205,149,275,205,1.02,-10.43,1.96
139603,157,205,149,275,205,1.06,-10.51,1.73
139703,157,205,149,275,204,0.82,-10.63,2.04
139803,157,205,149,275,204,0.08,-10.87,1.41
139904,157,205,150,274,205,-0.47,-10.4,0.82
140003,157,205,149,275,205,-0.43,-10.55,0.04
140103,157,205,149,275,207,-0.75,-10.67,0.04
140204,157,205,150,275,205,-0.51,-10.67,0.12
140303,157,206,150,275,207,-0.59,-10.47,-0.12
140403,157,205,149,276,207,-0.75,-10.59,-0.43
140603,157,204,149,276,207,-0.59,-10.4,-0.71
140703,157,204,149,276,207,-0.78,-10.43,-0.63
140803,157,205,149,277,208,-0.67,-10.4,-0.43
140903,157,205,149,277,207,-0.67,-10.43,-0.71
141003,156,205,149,278,207,-0.71,-10.43,-0.82
141103,157,206,149,277,207,-0.67,-10.4,-1.02
141203,157,206,149,278,207,-0.55,-10.43,-1.02
141303,157,205,149,278,208,-0.59,-10.4,-0.98
141403,157,204,149,278,208,-0.63,-10.47,-0.94
141503,157,204,150,280,208,-0.67,-10.47,-0.94
141603,157,204,150,282,208,-0.51,-10.36,-0.94
141703,157,205,149,282,208,-0.75,-10.47,-1.06
141803,157,205,150,279,208,-0.75,-10.4,-1.1
141903,157,205,150,279,207,-0.59,-10.36,-1.14
142003,157,205,149,279,208,-0.63,-10.43,-0.98
142103,157,206,149,278,208,-0.67,-10.4,-0.78
142203,157,205,150,277,208,-0.55,-10.36,-0.98
142303,157,205,149,278,208,-0.51,-10.47,-1.18
142403,157,205,149,278,208,-0.63,-10.55,-0.98
142503,157,205,149,278,208,-0.71,-10.4,-1.06
142603,157,205,148,279,208,-0.43,-10.36,-1.06
142703,157,204,150,278,208,-0.51,-10.4,-1.41
142803,157,205,149,279,208,-0.63,-10.36,-1.45
142903,157,205,149,279,208,-0.71,-10.4,-1.29
143003,157,206,149,280,208,-0.55,-10.36,-1.41
143104,157,205,149,281,208,-0.63,-10.28,-1.22
143203,156,204,149,281,208,-0.82,-10.28,-1.29
143303,157,205,150,281,208,-0.67,-10.28,-1.33
143404,156,205,149,281,208,-0.75,-10.16,-1.29
143503,156,204,149,281,208,-0.82,-10.28,-1.18
143603,157,205,148,280,208,-0.47,-10.24,-1.26
143803,157,206,148,281,207,-0.75,-10.16,-1.37
143903,156,205,149,280,208,-0.71,-10.32,-1.33
144003,157,205,148,280,207,-0.75,-10.28,-1.26
144103,156,205,149,280,207,-0.67,-10.28,-1.33
144203,157,205,149,282,207,-0.78,-10.2,-1.29
144303,157,205,149,280,207,-0.9,-10.28,-1.33
144403,157,206,149,280,208,-0.82,-10.16,-1.26
144503,157,205,148,282,207,-0.71,-10.12,-1.29
144603,157,205,149,282,207,-0.86,-10.24,-1.49
144703,156,206,148,282,207,-0.9,-10.16,-1.61
144803,157,205,148,282,208,-0.59,-10.2,-1.73
144903,157,205,148,281,208,-0.31,-10.2,-1.69
145003,156,206,148,281,207,-0.59,-10.16,-1.61
145103,157,205,148,281,207,-0.47,-10.2,-1.65
145203,156,205,149,280,208,-0.39,-10.32,-1.65
145303,156,205,150,280,207,-0.51,-10.32,-1.53
145403,156,205,149,280,207,-0.55,-10.24,-1.61
145503,156,205,150,281,207,-0.31,-10.32,-1.65
145603,157,205,149,280,207,-0.35,-10.16,-1.61
145703,156,205,149,280,206,-0.59,-10.2,-1.61
145803,156,205,150,282,206,-0.47,-10.12,-1.65
145903,156,205,150,281,206,-0.51,-10.24,-1.57
146003,156,205,150,284,206,-0.47,-10.16,-1.69
146103,157,205,149,281,206,-0.39,-10.2,-1.8
146203,156,205,149,281,206,-0.43,-10.24,-1.61
146304,157,205,149,282,205,-0.47,-10.28,-1.49
146403,156,205,150,280,206,-0.39,-10.28,-1.69
146503,156,205,149,278,205,-0.47,-10.28,-1.69
146604,157,205,149,277,205,-0.67,-10.32,-1.61
146703,157,204,150,276,204,-0.47,-10.24,-1.65
146803,156,205,149,277,205,-0.63,-10.32,-1.96
147003,156,206,150,276,204,-0.43,-10.2,-1.77
147103,158,205,150,276,205,-0.31,-10.2,-1.84
147203,157,205,150,276,205,-0.31,-10.2,-1.8
147303,156,205,149,277,205,-0.43,-10.12,-1.8
147403,157,206,149,277,205,-0.55,-10.24,-1.69
147503,156,205,149,277,205,-0.39,-10.2,-1.69
147603,156,205,149,277,205,-0.39,-10.16,-1.69
147703,156,205,150,278,206,-0.39,-10.32,-1.53
147803,157,205,150,277,206,-0.75,-10.4,-0.59
147903,157,205,149,278,207,-1.1,-10.55,-0.43
148003,157,205,150,279,207,-1.37,-10.51,0.08
148103,158,205,150,281,206,-1.14,-10.4,0.24
148203,158,204,149,281,207,-1.18,-10.43,0.16
148303,159,205,149,285,206,-1.33,-10.43,0.43
148403,160,205,149,280,205,-1.18,-10.43,1.18
148503,160,205,150,281,204,-1.26,-10.4,1.61
148603,160,204,150,282,204,-1.49,-10.51,1.84
148703,159,205,151,279,203,-1.73,-10.47,2.24
148803,159,206,150,279,202,-1.22,-10.43,2.51
148903,158,205,149,280,202,-0.67,-10.36,2.75
149003,158,205,150,280,202,-0.39,-10.4,3.02
149103,158,206,150,280,202,-0.55,-10.43,3.06
149203,159,205,150,281,202,-0.51,-10.4,3.22
149303,157,205,150,280,201,-0.55,-10.43,3.45
149403,157,205,150,284,201,-0.67,-10.4,3.45
149504,159,205,150,279,200,-0.63,-10.47,3.57
149603,157,205,150,282,200,-0.31,-10.24,3.69
149703,157,205,150,282,200,0.47,-10.2,3.96
149804,157,206,150,277,200,0.12,-10.43,3.88
149903,156,205,149,276,199,0.2,-10.32,3.69
150003,156,205,150,276,199,0.35,-10.28,3.8
150203,157,205,150,275,197,0.86,-10.32,4.24
150303,156,206,150,276,197,1.49,-10.16,4.2
150403,157,206,150,275,197,1.41,-10.24,4.39
150503,156,205,150,275,197,1.45,-10.2,4.31
150603,156,206,150,275,197,2,-10.12,4.47
150703,156,206,150,275,197,2.12,-10.16,4.63
150803,157,205,150,275,197,2.24,-10,4.82
150903,156,207,150,276,197,2.43,-9.96,4.9
151003,157,206,150,275,197,2.55,-9.81,4.79
151103,157,206,150,278,197,2.55,-9.89,4.75
151203,157,206,150,278,198,2.51,-9.85,4.75
151303,157,206,150,277,198,2.67,-9.89,4.82
151403,156,207,150,278,197,2.79,-9.81,4.71
151503,156,207,149,278,197,2.82,-9.89,4.79
151603,157,205,149,278,198,2.94,-9.89,4.63
151703,157,206,150,278,197,3.02,-9.89,4.59
151803,157,206,150,279,197,3.65,-9.61,4.63
151903,157,206,150,281,197,3.53,-9.81,4.51
152003,156,206,150,281,197,3.53,-9.77,4.28
152103,156,206,150,282,198,3.53,-9.73,4.43
152203,157,206,150,279,197,3.57,-9.69,4.59
152303,157,206,150,276,197,4,-9.53,4.63
152403,156,206,150,278,197,3.65,-9.65,4.63
152503,157,206,150,277,197,3.57,-9.65,4.75
152603,157,206,150,276,197,3.77,-9.57,4.59
152704,156,206,150,275,197,3.84,-9.61,4.63
152803,157,205,150,275,196,3.8,-9.65,4.39
152903,157,206,150,276,197,3.73,-9.65,4.43
153004,157,206,150,276,197,4.12,-9.61,4.43
153103,157,206,150,276,197,4.63,-9.45,4.59
153203,156,206,150,281,197,4.51,-9.41,4.43
153403,157,206,150,281,197,4.59,-9.38,4.47
153503,156,206,150,284,197,4.75,-9.38,4.31
153603,156,206,149,282,197,4.71,-9.38,4.24
153703,157,205,150,283,197,4.71,-9.22,4.31
153803,157,206,151,282,197,4.86,-9.3,4.43
153903,156,206,150,282,198,4.63,-9.38,4.47
154003,157,206,149,281,197,4.47,-9.34,4.39
154103,157,206,150,281,197,5.14,-9.18,4.31
154203,157,206,150,281,198,4.75,-9.34,4.35
154303,156,206,150,282,198,4.71,-9.34,4.51
154403,156,206,150,283,197,4.63,-9.41,4.51
154503,157,206,150,282,197,4.9,-9.22,4.16
154603,156,206,150,282,198,5.02,-9.22,4.24
154703,157,206,150,282,197,5.02,-9.38,4.28
154803,156,206,149,281,197,4.86,-9.34,4.63
154903,157,206,151,283,197,4.39,-9.18,4.63
155003,156,206,150,283,198,4.28,-9.41,4.63
155103,157,206,149,279,197,4.04,-9.41,4.67
155203,156,206,149,281,197,3.69,-9.53,4.82
155303,157,206,150,281,197,3.57,-9.53,4.79
155403,156,206,149,280,197,3.61,-9.49,4.51
155503,156,206,150,279,197,3.69,-9.73,4.79
155603,155,206,150,279,198,3.84,-9.61,4.94
155703,156,205,150,279,198,2.98,-9.92,5.06
155803,155,206,150,279,198,2.43,-9.92,4.9
155904,155,206,149,279,198,2.28,-9.96,4.86
156003,155,206,150,279,198,2.47,-9.92,4.51
156103,155,206,150,279,198,2.79,-9.92,4.2
156204,155,206,150,277,198,2.24,-10.04,4.67
156303,155,205,149,278,198,1.88,-10,4.82
156403,155,205,150,278,198,1.92,-10.12,4.51
156603,156,206,150,278,198,1.84,-10.16,4.04
156703,155,206,150,278,198,1.49,-10.24,4.08
156803,155,205,149,277,198,1.65,-10.36,4
156903,155,206,150,276,198,1.45,-10.24,4
157003,155,206,150,275,198,0.59,-10.51,3.73
157103,155,206,150,275,198,0.24,-10.67,3.33
157203,155,206,150,275,198,0.59,-10.43,3.14
157303,155,206,150,274,198,0.43,-10.43,2.98
157403,155,205,150,274,198,0.08,-10.55,3.3
157503,155,206,150,275,199,0.04,-10.55,3.02
157603,155,206,150,273,199,0.24,-10.43,2.79
157703,155,206,151,274,199,-0.2,-10.67,2.79
157803,156,205,149,275,198,0,-10.47,2.63
157903,155,206,150,275,199,-0.04,-10.63,2.86
158003,155,206,149,276,206,-0.2,-10.63,2.82
158103,155,206,150,276,204,-0.47,-10.63,2.59
158203,155,206,150,276,200,0,-10.47,2.63
158303,156,206,149,275,207,-0.04,-10.63,2.39
158403,156,206,150,275,197,-0.51,-10.67,2.43
158503,156,206,150,274,205,-0.27,-10.51,2.39
158603,156,206,150,275,196,-0.24,-10.63,2.51
158703,156,206,150,275,199,-0.2,-10.59,2.39
158803,156,206,151,275,199,-0.16,-10.51,2.47
158903,156,205,150,275,205,-0.04,-10.59,2.39
159003,157,205,150,275,203,-0.16,-10.63,2.43
159104,157,206,151,275,203,-0.2,-10.59,2.43
159203,157,206,150,275,203,-0.2,-10.67,2.43
159303,157,206,150,275,203,-0.04,-10.63,2.28
159404,156,206,150,275,203,0,-10.63,2.51
159503,156,206,150,275,203,0,-10.59,2.55
159603,157,205,150,276,203,0.16,-10.59,2.47
159803,157,205,149,276,203,0.08,-10.59,2.71
159903,156,205,150,276,202,0.2,-10.51,2.51
160003,157,206,150,275,203,0.24,-10.63,2.55
160103,156,206,149,275,202,0.27,-10.63,2.82
160203,157,206,150,275,202,0.31,-10.63,2.86
160303,157,205,149,275,202,0.59,-10.59,2.82
160403,157,205,150,277,202,0.51,-10.55,2.63
160503,157,205,150,277,202,0.55,-10.63,2.59
160603,157,205,150,276,202,0.39,-10.63,2.55
160703,156,205,150,277,202,0.55,-10.63,2.39
160803,157,205,149,277,202,0.71,-10.55,2.39
160903,157,205,150,277,202,0.47,-10.79,2.71
161003,157,205,150,278,202,0.08,-10.71,2.55
161103,157,205,150,278,202,0.63,-10.12,2.63
161203,157,206,149,278,201,0.78,-10.59,2.63
161303,157,205,150,278,202,0.2,-10.63,2.31
161403,156,206,150,278,201,0.2,-10.75,2.79
161503,156,205,150,278,201,0.63,-10.04,2.94
161603,156,206,149,278,200,1.02,-10.55,2.67
161703,156,206,150,279,200,0.9,-10.75,2.86
161803,156,205,149,279,200,0.75,-10.59,3.49
161903,156,206,150,280,200,0.55,-10.36,3.8
162003,156,205,150,277,200,0.75,-10.24,3.73
162103,156,205,150,278,200,1.1,-10.79,3.37
162203,156,205,149,276,200,1.02,-10.63,3.33
162304,156,206,150,276,200,0.63,-10.4,3.26
162403,156,206,150,277,200,0.71,-11.22,2.79
162503,157,205,150,275,200,0.08,-10.79,3.3
162604,157,205,150,276,200,0.55,-10.36,3.02
162703,156,205,149,276,200,0.08,-10.55,3.06
162803,156,205,149,277,201,0.08,-9.89,2.28
163003,156,205,150,277,201,-0.08,-10.36,2.31
163103,157,205,149,277,201,-0.59,-10.47,1.92
163203,157,205,149,276,202,-1.06,-10.75,1.53
163303,156,205,150,276,201,-1.45,-10.47,1.26
163403,157,205,150,277,203,-1.22,-10.43,0.86
163503,156,205,149,277,202,-1.61,-10.43,0.51
163603,157,206,150,276,202,-2.28,-10.36,0.12
163703,157,206,149,278,202,-2.63,-10.08,-0.67
163803,157,205,150,277,202,-2.55,-10.12,-0.98
163903,157,206,149,278,203,-2.16,-9.96,-1.29
164003,157,205,150,277,203,-2.16,-9.89,-1.61
164103,157,206,150,275,203,-2.28,-9.85,-1.57
164203,157,205,149,276,203,-2.2,-9.69,-1.77
164303,157,205,150,276,203,-2.35,-9.65,-2.35
164403,156,206,149,276,203,-2,-9.49,-2.9
164503,156,205,149,275,204,-1.8,-9.14,-3.53
164603,157,205,150,276,204,-2.24,-9.1,-3.77
164703,156,205,150,276,203,-2.12,-9.02,-3.49
164803,156,205,149,276,204,-1.96,-8.94,-3.8
164903,156,206,150,276,204,-1.96,-8.43,-4.2
165003,156,205,150,277,203,-2.04,-8.28,-4.75
165103,157,205,150,277,203,-1.96,-7.88,-5.14
165203,156,206,150,277,204,-1.45,-7.14,-5.53
165303,156,205,149,277,204,-1.49,-6.67,-6.28
165403,156,206,149,276,203,-1.65,-6.43,-6.67
165504,156,205,149,275,203,-1.29,-6.28,-6.51
165603,156,206,149,276,203,-1.41,-5.88,-6.39
165703,157,205,151,274,202,-0.67,-5.37,-7.45
165804,157,205,149,276,202,-0.78,-4.98,-8
165903,157,206,150,275,202,-0.94,-4.94,-7.45
166003,157,206,149,275,202,-1.1,-4.71,-7.49
166203,157,206,150,277,200,-0.9,-4.47,-7.88
166303,157,205,150,277,201,-1.06,-4.24,-7.77
166403,157,205,150,277,200,-1.1,-4.2,-7.81
166503,157,205,149,277,200,-1.41,-3.88,-8.51
166603,157,205,150,277,200,-1.84,-3.37,-8.43
166703,157,205,149,276,200,-1.1,-2.63,-8.75
166803,157,206,149,277,200,-0.71,-2.31,-8.79
166903,157,205,149,277,199,-1.06,-2.28,-8.55
167003,157,206,149,275,199,-0.98,-2,-8.71
167103,157,206,150,274,199,-0.82,-1.41,-8.75
167203,157,206,150,274,198,-0.82,-1.02,-8.87
167303,156,205,150,274,199,-0.82,-1.14,-8.83
167403,157,205,149,274,199,-0.86,-1.1,-8.83
167503,157,205,150,274,198,-0.71,-0.94,-8.83
167603,157,205,149,274,198,-0.59,-0.9,-8.79
167703,157,204,149,274,198,-0.63,-1.02,-8.67
167803,158,206,150,275,198,-0.63,-0.94,-8.79
167903,158,206,149,274,198,-0.59,-0.9,-8.59
168003,158,205,149,274,198,-0.55,-0.86,-8.67
168103,158,205,149,274,198,-0.63,-0.94,-8.59
168203,157,206,150,274,198,-0.67,-0.94,-8.79
168303,157,205,149,275,198,-0.55,-0.86,-8.55
168403,158,205,150,274,198,-0.86,-1.02,-8.79
168503,157,206,149,274,198,-0.86,-1.06,-8.94
168603,158,206,151,275,198,-0.82,-1.18,-9.34
168704,157,206,150,275,199,-1.29,-1.53,-9.41
168803,157,206,150,274,198,-1.88,-2.79,-8.43
168903,157,206,150,275,200,-3.14,-4.51,-7.65
169004,157,205,150,276,200,-2.43,-5.73,-6.75
169103,158,205,150,275,201,-1.53,-7.1,-4.98
169203,158,205,150,277,202,-0.78,-7.77,-4.67
169403,158,204,149,277,203,-1.37,-8.47,-4.71
169503,159,205,150,277,203,-2.35,-8.55,-4.94
169603,159,207,149,276,203,-2.47,-8.71,-4.12
169703,159,205,149,277,203,-2.43,-8.9,-3.37
169803,159,206,150,277,203,-2.63,-9.1,-3.06
169903,160,205,150,277,202,-3.26,-9.3,-2.59
170003,161,206,150,277,203,-3.22,-9.41,-2.08
170103,162,206,149,277,202,-3.57,-9.49,-1.69
170203,161,204,150,276,202,-3.69,-9.65,-1.1
170303,162,205,150,276,202,-3.53,-9.73,-0.75
170403,162,206,150,278,202,-3.77,-9.81,-0.08
170503,162,205,150,277,202,-4.04,-9.89,0.16
170603,162,205,150,278,202,-3.69,-9.92,0.47
170703,162,206,150,277,202,-2.9,-9.92,0.24
170803,162,206,150,278,202,-3.22,-9.81,-0.24
170903,161,205,150,278,202,-2.71,-8.9,-1.96
171003,161,206,149,278,203,-3.49,-8.63,-3.57
171103,162,205,150,277,203,-3.18,-7.92,-4.16
171203,161,206,150,277,203,-2.9,-6.98,-5.02
171303,161,206,150,278,203,-2.12,-6.2,-6.79
171403,162,205,150,277,204,-1.06,-5.3,-7.77
171503,161,206,150,278,204,-0.98,-4.35,-7.69
171603,162,206,151,278,204,0.08,-3.26,-8.24
171703,160,206,150,280,205,-0.27,-3.33,-7.81
171803,162,206,149,279,205,0.78,-2.82,-8.28
171904,162,205,150,281,206,1.53,-2.2,-9.34
172003,161,207,150,282,205,1.69,-1.65,-8.83
172103,161,206,150,282,205,1.84,-1.61,-8.36
172204,161,206,150,282,205,2.08,-1.45,-9.06
172303,161,206,149,279,205,1.69,-1.57,-8.2
172403,161,205,150,281,205,1.96,-1.45,-8.63
172603,161,206,149,278,205,2.51,-1.06,-9.14
172703,161,206,150,279,205,1.84,-1.96,-9.96
172803,160,205,150,278,205,0.43,-3.88,-8.94
172903,161,206,149,279,204,-0.24,-5.06,-7.61
173003,161,206,150,279,205,-0.31,-5.37,-6.9
173103,161,205,150,279,205,-0.67,-6.55,-5.81
173203,161,206,150,281,205,-2.24,-7.96,-5.26
173303,161,205,150,281,205,-2.71,-8.47,-3.45
173403,161,205,150,280,204,-2.28,-9.18,-2.35
173503,162,205,150,289,203,-2.59,-9.81,-0.51
173603,162,206,149,285,202,-2.82,-10.12,0.24
173703,162,206,150,286,201,-2.12,-10.43,0.75
173803,161,205,150,285,201,-1.77,-10.24,1.41
173903,161,206,150,288,200,-1.41,-10.4,2
174003,161,206,149,283,200,-0.63,-10.47,2.47
174103,161,206,150,281,199,-0.35,-10.28,2.2
174203,162,206,149,287,199,-0.78,-10.32,2.75
174303,162,206,150,283,199,-0.31,-10.36,3.84
174403,161,206,150,283,199,-0.39,-10.36,4.24
174503,161,206,150,282,199,-0.12,-10.12,4.28
174603,162,206,150,283,198,0.47,-9.85,4.35
174703,162,207,150,282,198,0.43,-10.04,4.9
174803,162,206,150,282,199,0.55,-10.08,4.94
174903,161,207,150,284,198,0.86,-10.12,4.86
175003,161,206,150,294,198,1.37,-10.04,4.82
175104,162,206,150,280,198,1.18,-10.12,4.9
175203,161,206,151,279,198,0.82,-10.12,4.82
175303,162,206,150,278,198,1.18,-10.08,4.94
175404,161,206,149,278,198,1.22,-10.04,4.82
175503,161,206,151,279,198,1.06,-10.08,5.22
175603,161,207,150,278,198,1.33,-10,4.94
175803,160,206,150,278,198,2.39,-9.81,4.98
175903,160,207,150,278,198,2.47,-9.81,4.94
176003,160,207,150,278,198,2.35,-9.81,4.79
176103,160,206,150,278,198,2.43,-9.89,4.59
176203,160,207,151,278,198,2.59,-9.69,4.82
176303,160,207,150,277,198,2.67,-9.53,5.77
176403,159,206,150,277,198,1.73,-9.53,6.04
176503,159,206,150,276,198,1.22,-9.18,7.22
176603,158,206,149,276,197,0.75,-8.71,7.53
176703,158,206,150,275,198,0.2,-8.55,7.34
176803,157,206,150,276,198,-0.31,-8.39,7.53
176903,156,206,150,274,197,-0.24,-8.2,7.61
177003,156,206,150,273,197,-0.9,-7.88,7.81
177103,156,206,150,273,197,-1.57,-7.65,8.32
177203,156,205,150,272,197,-1.65,-7.26,8.43
177303,157,205,151,272,196,-2.16,-6.83,8.75
177403,156,206,150,272,196,-2.39,-6.51,8.98
177503,156,206,150,272,196,-2.39,-6.63,8.71
177603,156,205,150,271,197,-2.35,-6.79,8.55
177703,156,206,150,272,196,-2.28,-6.55,8.59
177803,157,205,150,271,197,-2.55,-6.47,8.71
177903,157,206,150,271,196,-2.55,-6.55,8.55
178003,157,205,150,271,196,-2.51,-6.43,8.75
178103,157,205,150,270,196,-2.55,-6.24,8.98
178203,157,205,150,270,196,-2.51,-6.32,8.63
178304,159,205,150,270,196,-2.79,-5.84,9.06
178403,159,206,150,270,195,-2.79,-5.77,9.18
178503,160,205,150,269,195,-2.82,-5.92,8.83
178604,160,206,150,269,195,-2.94,-5.73,9.1
178703,162,206,150,270,195,-2.79,-5.45,9.18
178803,162,205,150,269,195,-2.59,-5.18,9.22
179003,165,205,150,269,195,-2.94,-4.94,9.73
179103,165,205,150,269,194,-2.98,-4.47,9.85
179203,166,205,149,269,194,-2.9,-4.63,9.57
179303,166,205,150,269,194,-2.9,-4.51,9.89
179403,165,205,150,269,195,-3.22,-4.47,10.32
179503,164,205,150,269,195,-3.37,-4.63,10.04
179603,162,205,150,270,195,-2.98,-5.81,8.9
179703,161,205,150,269,195,-2.86,-7.22,7.65
179803,160,205,149,270,195,-2.24,-8.36,6.71
179903,161,204,149,270,196,-1.18,-8.98,5.69
180003,161,205,149,270,196,-0.86,-9.49,5.3
180103,162,205,150,271,197,-0.67,-10.08,4.55
180203,162,204,149,271,198,-0.86,-10.12,4.67
180303,161,205,149,272,199,-0.75,-9.85,4.43
180403,161,206,150,272,200,-0.2,-10.28,3.53
180503,161,205,149,272,200,-0.27,-10.24,3.49
180603,162,205,150,273,200,-0.43,-10.59,3.18
180703,162,206,149,273,201,-0.31,-10.51,3.26
180803,163,206,149,273,202,-0.27,-10.12,3.41
180903,163,206,149,273,201,0.04,-10.2,3.26
181003,163,206,150,273,201,0.12,-10.43,3.37
181103,163,205,149,273,201,0,-10.36,3.69
181203,162,205,149,272,200,0.04,-10.2,4.2
181303,162,205,149,272,200,-0.08,-10.12,4.39
181403,164,205,149,272,200,0,-10.08,4.75
181504,166,205,149,271,199,-0.12,-10,5.06
181603,168,205,149,271,198,0.04,-9.96,5.49
181703,169,205,149,271,199,0,-9.73,5.73
181804,168,205,149,271,198,-0.63,-9.41,6.2
181903,168,205,149,271,198,-0.47,-9.06,6.43
182003,168,205,149,271,198,-0.51,-8.79,6.75
182203,169,204,151,270,197,-0.86,-8.2,7.57
182303,168,205,149,271,197,-1.02,-7.77,7.69
182403,168,205,149,270,197,-0.98,-7.45,8.24
182503,167,205,149,270,196,-1.18,-7.22,8.63
182603,168,205,149,270,196,-0.9,-7.02,8.47
182703,168,204,149,270,196,-1.1,-6.55,9.22
182803,167,204,150,270,196,-0.98,-6.28,9.38
182903,166,205,149,269,196,-0.75,-6.08,9.45
183003,167,204,149,269,196,-0.86,-5.77,9.53
183103,166,205,149,269,196,-0.75,-5.73,9.89
183203,166,204,149,269,196,-0.55,-5.61,9.89
183303,165,204,149,270,195,-0.55,-5.84,9.77
183403,164,205,149,269,196,-0.16,-6.12,9.73
183503,163,205,149,269,196,0.08,-6.98,9.02
183603,162,204,149,270,196,0.35,-7.57,7.92
183703,162,203,149,269,196,-0.24,-8.67,6.94
183803,162,205,149,270,196,0.04,-9.57,5.73
183903,162,205,149,271,196,0.24,-10.16,4.51
184003,162,204,149,272,197,0.71,-9.96,4.35
184103,162,205,149,272,198,0.59,-9.96,4.28
184203,162,205,149,272,198,0.31,-10.36,4.08
184303,162,205,149,272,197,0.39,-10.24,4.47
184403,162,204,149,273,198,0.59,-10.28,4.24
184503,162,205,149,273,199,0.59,-10.4,3.92
184603,163,205,150,274,198,0.59,-10.36,3.8
184704,162,205,149,274,199,0.59,-10.32,3.73
184803,163,205,150,274,199,0.55,-10.32,3.69
184903,163,204,150,274,201,0.27,-10.4,3.61
185004,162,204,150,274,200,0.31,-10.43,3.37
185103,163,205,150,275,201,0.31,-10.51,3.18
185203,163,204,150,275,201,0.31,-10.47,3.1
185403,163,206,149,276,201,0.04,-10.63,3.02
185503,163,205,149,276,201,-0.08,-10.47,3.33
185603,163,206,150,275,202,-0.24,-10.2,3.69
185703,163,205,149,275,202,0.12,-10.51,2.82
185803,163,205,149,276,203,0.2,-10.59,2.59
185903,163,206,149,276,203,0.04,-10.51,2.82
186003,164,206,149,276,202,0.08,-10.47,2.86
186103,164,206,150,276,201,0.16,-10.51,3.06
186203,163,206,150,276,200,0.08,-10.4,3.3
186303,163,206,150,277,200,0.39,-10.4,3.45
186403,163,205,150,276,200,0.59,-10.55,3.33
186503,163,206,150,277,200,0.86,-10.47,3.1
186603,163,206,149,277,200,1.06,-10.55,3.1
186703,163,206,150,276,199,1.14,-10.47,2.98
186803,163,206,150,277,199,1.02,-10.63,2.98
186903,163,205,150,277,199,0.94,-10.63,3.18
187003,163,207,150,276,200,1.14,-10.59,2.9
187103,162,206,149,276,199,1.1,-10.55,2.9
187203,162,206,150,277,200,0.78,-10.63,2.94
187303,162,205,150,276,199,0.82,-10.51,2.86
187403,161,207,150,276,199,0.9,-10.59,2.82
187503,162,205,150,276,199,0.86,-10.59,2.94
187603,161,206,150,276,199,0.86,-10.55,2.86
187703,160,206,149,276,200,0.86,-10.51,2.9
187803,161,206,150,276,199,0.78,-10.51,2.94
187904,161,205,150,275,199,0.9,-10.59,2.9
188003,160,206,150,276,199,0.94,-10.63,2.75
188103,161,205,151,275,199,1.06,-10.59,2.79
188204,161,206,150,276,200,0.82,-10.63,3.02
188303,162,206,151,276,199,0.9,-10.55,2.94
188403,161,206,150,276,199,1.1,-10.47,2.9
188603,161,206,150,277,199,1.06,-10.43,2.79
188703,160,206,150,277,199,1.18,-10.47,2.75
188803,160,206,150,277,199,1.14,-10.47,2.67
188903,160,206,150,278,200,1.06,-10.51,2.67
189003,161,205,150,278,200,1.06,-10.51,2.67
189103,160,206,150,277,200,1.14,-10.51,2.71
189203,160,205,150,278,200,1.14,-10.59,2.67
189303,161,206,150,278,199,1.06,-10.59,2.71
189403,160,206,150,278,200,1.1,-10.67,2.79
189503,161,206,150,278,199,1.18,-10.59,2.67
189603,161,206,150,279,200,1.26,-10.59,2.67
189703,161,205,149,279,200,1.14,-10.51,2.67
189803,161,206,150,281,199,1.22,-10.4,2.82
189903,161,206,150,286,199,1.06,-10.55,2.9
190003,161,207,150,279,199,1.22,-10.51,3.57
190103,161,206,150,278,198,1.41,-10.4,3.53
190203,160,206,149,277,197,1.65,-10.36,3.61
190303,159,205,150,275,197,1.84,-10.36,3.57
190403,158,205,150,275,197,1.77,-10.4,3.61
190503,158,205,149,274,196,2.04,-10.36,3.49
190603,157,205,149,274,197,2.43,-10.24,3.45
190703,157,206,149,273,196,2.43,-10.2,3.73
190803,157,206,150,274,196,2.59,-10.12,3.96
190903,157,205,150,274,196,2.59,-10.12,4.08
191003,158,205,149,274,197,2.86,-10.04,4.31
191104,157,205,150,274,196,3.02,-9.85,4.04
191203,157,205,149,274,197,3.37,-9.89,4.08
191303,158,206,149,276,197,3.41,-9.96,4.39
191404,157,205,149,277,197,3.57,-9.92,4.35
191503,158,206,149,279,197,3.18,-9.81,4.04
191603,157,205,150,279,198,3.41,-9.89,3.8
191803,158,205,149,279,197,3.53,-9.96,4
191903,157,205,149,279,198,3.77,-9.81,4.08
192003,157,205,150,279,198,4,-9.81,4.08
192103,157,205,149,279,198,4.16,-9.77,4.08
192203,157,205,149,278,198,3.88,-9.81,4.12
192303,158,206,149,278,198,3.8,-9.81,3.96
192403,157,205,149,278,198,3.77,-9.69,4.08
192503,157,205,149,279,199,4,-9.73,3.96
192603,157,204,150,278,198,3.77,-9.77,4.16
192703,157,205,149,278,198,3.96,-9.69,4.31
192803,157,205,149,278,199,4,-9.69,4.35
192903,157,205,150,278,199,3.8,-9.65,4.16
193003,157,205,149,279,199,4.28,-9.57,4.39
193103,157,205,150,278,199,3.06,-9.96,4
193203,157,205,149,278,200,2.28,-10.16,4.67
193303,157,206,149,278,200,2.08,-10.16,4.55
193403,156,204,150,277,200,2,-10.16,3.69
193503,156,205,150,278,200,1.45,-10.36,3.49
193603,157,205,149,278,200,1.22,-10.2,3.37
193703,156,205,149,278,200,0.98,-10.32,3.77
193803,156,205,149,278,200,1.06,-10.32,3.84
193903,157,206,150,278,200,0.98,-10.32,3.84
194003,157,205,150,278,200,0.98,-10.28,3.61
194103,156,206,150,278,200,0.86,-10.2,3.45
194203,156,205,150,277,199,0.71,-10.4,3.41
194304,156,205,150,277,199,0.9,-10.2,3.45
194403,156,205,150,277,200,0.98,-10.4,3.45
194503,156,205,150,276,200,0.63,-10.43,3.53
194604,156,206,149,276,200,0.71,-10.43,3.57
194703,156,205,149,276,199,0.82,-10.4,3.41
194803,157,205,150,276,200,0.59,-10.47,3.3
195003,156,206,150,276,200,0.43,-10.47,3.3
195103,156,205,150,276,200,0.31,-10.51,3.26
195203,157,206,150,276,201,0.2,-10.55,2.9
195303,156,206,150,276,202,0.16,-10.43,2.86
195403,157,205,149,277,201,0.2,-10.63,2.71
195503,157,205,150,277,202,0.04,-10.71,2.55
195603,157,206,150,276,202,0.08,-10.59,2.51
195703,157,206,150,276,202,0.04,-10.67,2.63
195803,157,205,150,276,201,-0.27,-10.55,2.28
195903,157,206,150,277,202,-0.12,-10.63,2
196003,157,205,150,276,202,-0.04,-10.67,2.2
196103,157,205,150,276,202,0.04,-10.71,1.92
196203,157,205,150,277,202,0.04,-10.71,2.08
196303,157,205,150,276,202,-0.55,-11.22,1.61
196403,157,206,151,277,202,0.27,-10.83,1.73
196503,157,205,150,276,202,0.04,-10.59,2.12
196603,157,206,150,276,202,0.16,-10.79,2
196703,157,206,151,276,201,0.31,-10.75,1.88
196803,157,206,150,277,201,0.16,-10.75,1.96
196903,157,206,150,276,201,0.27,-10.75,1.77
197003,157,205,149,276,201,0.43,-10.63,1.8
197103,157,206,150,276,202,0.08,-10.71,1.92
197203,157,206,149,276,201,0.04,-10.75,1.88
197303,157,205,150,276,201,0.08,-10.71,1.92
197403,157,206,150,275,201,0.31,-10.59,1.88
197504,157,205,149,275,202,0.24,-10.67,1.88
197603,157,205,150,276,201,0.24,-10.71,1.92
197703,156,205,149,276,199,0.27,-10.71,1.92
197804,157,206,150,275,201,0.31,-10.63,2.04
197903,156,205,150,274,201,0.27,-10.63,2.04
198003,157,205,150,275,200,0.2,-10.63,2
198203,157,205,150,275,200,0.24,-10.59,2
198303,157,205,150,274,200,0.24,-10.71,2.24
198403,157,205,150,275,200,0.35,-10.59,2.2
198503,157,204,150,275,201,0.39,-10.67,2.08
198603,157,205,150,275,200,0.27,-10.71,2
198703,156,205,150,275,201,0.08,-10.63,2.2
198803,157,205,149,275,200,0.12,-10.59,2.43
198903,158,204,149,275,201,0.16,-10.47,2.43
199003,158,204,150,274,201,0.04,-10.59,2.31
199103,158,204,149,273,201,0.24,-10.59,2.2
199203,157,205,149,275,200,0.04,-10.4,2.71
199303,158,205,149,274,201,0.08,-10.4,3.26
199403,158,205,149,274,201,0.08,-10.43,3.26
199503,158,205,149,274,200,-0.08,-10.51,2.98
199603,158,205,150,274,200,0.04,-10.51,2.98
199703,158,205,149,274,201,-0.04,-10.24,3.45
199803,158,205,149,274,200,0,-10.36,3.61
199903,158,205,150,274,200,0.04,-10.36,3.61
200003,158,204,150,274,199,0.39,-10.4,3.77
200103,158,205,149,274,200,0.43,-10.4,3.77
200203,158,205,150,273,200,0.47,-10.4,3.41
200303,158,205,150,273,200,0.35,-10.32,3.61
200403,158,205,150,273,200,0.51,-10.4,3.92
200503,158,205,149,274,199,0.71,-10.32,3.8
200603,158,206,150,273,199,0.86,-10.43,3.69
200704,158,205,150,275,199,0.86,-10.4,3.53
200803,158,206,149,274,199,1.02,-10.36,3.69
200903,158,205,150,273,199,1.65,-10.47,3.26
201004,157,205,150,273,199,1.57,-10.36,3.22
201103,157,205,150,272,198,1.53,-10.43,2.98
201203,156,206,149,272,198,1.29,-10.51,3.14
201403,156,205,149,272,198,1.69,-10.4,3.02
201503,156,205,149,271,198,1.26,-10.43,3.14
201603,156,205,150,272,197,1.06,-10.51,3.18
201703,157,205,149,272,197,1.18,-10.59,3.1
201803,156,205,149,271,197,1.26,-10.51,3.1
201903,156,205,150,272,196,1.45,-10.59,2.86
202003,156,205,149,271,197,1.29,-10.55,2.86
202103,156,205,149,271,197,1.37,-10.59,3.06
202203,157,205,149,271,198,1.61,-10.55,2.94
202303,156,205,149,270,197,1.69,-10.59,2.82
202403,156,204,149,270,197,1.92,-10.59,2.79
202503,156,205,149,270,197,1.73,-10.43,2.55
202603,155,204,149,270,197,2.12,-10.24,2.71
202703,156,205,149,270,197,2.51,-10.59,3.37
202803,155,204,149,270,197,3.02,-10,3.33
202903,156,205,149,269,196,2.12,-10.08,2.9
203003,155,204,149,269,196,1.33,-10.2,2.94
203103,155,204,149,269,196,1.61,-10.67,3.61
203203,155,205,149,269,195,1.18,-10,2.43
203303,156,204,149,269,196,1.18,-10.94,2.39
203403,156,204,149,268,195,1.45,-11.3,2.67
203503,155,204,148,269,195,1.41,-10.83,2.59
203603,156,205,150,269,195,1.45,-10.83,2.51
203703,156,204,149,269,196,1.53,-10.9,2.51
203803,156,204,149,268,195,1.37,-10.51,2.43
203904,156,205,149,270,195,2,-10.55,2.51
204003,156,205,149,269,195,2.16,-10.51,2.24
204103,156,205,149,269,195,1.61,-10.51,2.28
204204,156,205,149,269,195,2,-10.63,2.24
204303,156,205,149,269,195,2.31,-10.47,2.04
204403,156,205,149,269,195,2.39,-10.63,2.51
204603,156,205,149,269,195,2.47,-10.32,2.47
204703,156,206,149,270,195,2.31,-10.36,2.59
204803,156,206,150,269,195,2.75,-10.51,2.67
204903,156,205,149,270,195,2.98,-10.28,2.63
205003,156,206,149,269,195,2.94,-10.32,2.59
205103,157,205,150,269,195,2.71,-10.36,2.67
205203,156,205,150,271,195,2.9,-10.36,2.59
205303,156,206,149,270,195,2.94,-10.36,2.59
205403,156,206,149,270,195,2.86,-10.36,2.55
205503,156,205,149,270,196,2.82,-10.28,2.67
205603,155,206,149,270,195,2.9,-10.32,2.63
205703,156,206,149,270,195,2.82,-10.32,2.75
205803,156,206,149,270,195,3.02,-10.32,2.71
205903,156,206,149,270,195,2.98,-10.32,2.79
206003,155,206,149,271,196,2.47,-10.36,2.86
206103,157,206,149,270,195,2.35,-10.43,2.82
206203,156,206,149,270,196,2.24,-10.59,2.86
206303,156,206,149,271,196,2.16,-10.43,2.67
206403,155,206,149,271,197,1.26,-10.4,2.35
206503,156,205,149,272,196,0.12,-11.02,3.26
206603,155,206,149,271,197,0.86,-11.26,2.51
206703,156,205,150,272,200,0.98,-11.61,2.24
206803,156,205,149,273,201,-0.47,-10.12,2.67
206903,156,205,150,275,202,-0.43,-10.08,2.71
207003,156,205,149,275,203,-0.67,-10.59,2.63
207104,156,205,149,276,204,0.08,-10.51,2.2
207203,154,205,149,276,206,1.02,-10.83,2
207303,155,204,150,276,206,-0.35,-10.98,2.35
207404,155,205,150,278,207,0.04,-10.67,2.08
207503,155,205,150,279,206,0.63,-10.71,1.26
207603,154,205,150,281,208,0.98,-10.87,1.41
207803,154,205,149,286,209,1.49,-10.75,1.41
207903,155,204,149,287,208,1.49,-10.79,1.02
208003,155,205,150,290,206,2.35,-10.4,1.57
208103,154,205,148,287,206,1.88,-10.4,1.37
208203,155,205,149,289,205,1.18,-10.75,0.94
208303,155,206,149,287,206,1.29,-10.63,1.29
208403,155,206,149,289,206,1.26,-10.55,1.57
208503,154,205,149,283,205,1.45,-10.59,1.26
208603,155,205,148,287,205,1.57,-10.55,1.18
208703,155,205,148,287,205,1.84,-10.55,1.18
208803,155,205,149,287,206,1.8,-10.63,1.26
208903,155,205,149,284,205,1.8,-10.67,1.18
209003,155,205,149,283,205,1.61,-10.67,1.1
209103,155,206,150,283,205,1.45,-10.67,1.33
209203,155,205,150,285,204,1.45,-10.59,1.49
209303,155,205,149,286,204,1.37,-10.71,1.14
209403,155,206,150,286,204,1.49,-10.59,1.41
209503,155,205,149,284,204,1.33,-10.59,1.37
209603,155,205,150,288,205,1.22,-10.71,1.41
209703,155,205,150,289,204,1.33,-10.67,1.26
209803,155,206,150,283,204,1.41,-10.67,1.61
209903,155,205,150,282,204,1.18,-10.71,1.37
210003,155,206,150,280,204,1.41,-10.59,1.41
210103,156,205,151,280,205,1.45,-10.79,1.18
210203,155,205,150,280,203,1.61,-10.71,1.26
210304,156,206,150,281,204,1.41,-10.71,1.33
210403,155,205,150,281,204,1.06,-10.75,1.53
210503,156,205,151,280,204,1.41,-10.9,1.26
210604,155,205,151,280,204,1.45,-10.63,1.06
210703,155,205,151,278,204,1.8,-10.63,0.16
210803,155,205,151,279,204,1.8,-10.75,-0.24
211003,156,204,150,277,204,1.61,-10.47,0.63
211103,156,205,149,278,205,1.73,-10.4,0
211203,155,205,149,278,206,2,-10.47,-0.35
211303,155,203,149,277,205,2.31,-10.51,-0.75
211403,155,205,150,278,205,2.28,-10.36,-0.71
211503,156,205,149,278,204,2.2,-10.4,-0.27
211603,156,205,149,278,205,2,-10.43,-0.39
211703,156,204,149,278,204,1.96,-10.51,-0.78
211803,156,205,149,277,205,2,-10.47,-0.9
211903,156,205,149,277,204,1.8,-10.4,-0.55
212003,155,205,149,278,205,1.22,-10.67,-0.27
212103,156,205,149,278,205,2.08,-10.4,0.08
212203,156,205,149,278,205,1.92,-10.51,1.45
212303,156,205,149,279,205,1.96,-10.71,2.08
212403,156,205,149,278,205,1.29,-10.75,2.47
212503,157,204,150,278,205,1.45,-10.55,2.82
212603,156,205,149,278,205,1.53,-10.32,3.57
212703,157,205,149,278,205,1.45,-10.43,3.37
212803,157,204,149,278,205,1.37,-10.51,2.94
212903,157,206,150,278,205,1.61,-10.55,2.59
213003,157,205,149,279,204,1.73,-10.63,2.08
213103,157,205,150,276,205,1.92,-10.59,1.29
213203,157,206,150,278,204,1.41,-10.67,0.94
213303,157,205,149,278,204,1.61,-10.4,0.27
213403,158,205,150,277,204,1.88,-10.43,-0.55
213504,158,206,150,277,204,2.08,-10.12,-1.53
213603,158,206,151,277,204,1.77,-9.96,-2.2
213703,159,206,151,276,204,1.69,-9.96,-2.86
213804,158,205,150,277,204,1.26,-9.96,-2.98
213903,159,205,151,276,204,1.69,-9.92,-2.47
214003,159,205,151,277,204,1.88,-9.96,-2.86
214203,159,206,151,277,204,1.33,-10.08,-2.43
214303,159,205,151,277,205,1.37,-10.2,-1.41
214403,160,206,151,278,205,1.88,-10.24,-1.06
214503,162,205,150,278,205,1.77,-10.55,-0.27
214603,162,205,150,279,205,1.18,-10.55,0.24
214703,162,206,150,278,204,0.78,-10.75,0.94
214803,161,205,150,278,204,1.14,-10.79,0.9
214903,162,204,150,279,203,0.82,-10.83,0.98
215003,160,205,150,279,203,0.98,-10.75,0.86
215103,160,205,150,278,202,1.29,-10.83,0.75
215203,159,204,149,280,201,1.77,-10.59,0.9
215303,158,205,149,281,200,2.08,-10.67,0.98
215403,158,205,149,281,199,1.65,-10.63,1.18
215503,157,205,149,282,198,1.8,-10.67,2.04
215603,157,204,150,283,198,2.04,-10.67,2.47
215703,157,205,148,282,198,2.24,-10.47,2.55
215803,158,205,149,279,198,2.47,-10.51,3.14
215903,157,205,149,278,198,2.55,-10.24,2.82
216003,158,204,149,278,197,3.18,-10.2,2.59
216103,157,205,149,278,198,4,-10.12,2.75
216203,157,205,149,279,198,4.51,-10.08,2.67
216303,158,205,149,283,198,3.8,-10.08,2.59
216403,158,206,149,283,198,3.88,-10.2,2.55
216503,157,205,150,277,199,3.84,-10.12,2.79
216603,158,205,149,278,199,3.84,-10.12,2.43
216704,157,205,149,279,199,3.61,-10.16,2.39
216803,157,205,150,279,198,4.2,-10.16,2.98
216903,157,205,150,279,199,3.37,-10.12,2.55
217004,157,205,150,278,200,3.06,-10.4,3.22
217103,156,206,150,280,200,2.31,-10.55,2.79
217203,157,206,149,278,200,1.65,-10.4,1.84
217403,157,205,150,279,200,0.94,-10.63,1.92
217503,157,206,149,278,200,0.98,-10.63,1.8
217603,157,206,149,278,201,1.06,-10.59,2.08
217703,157,206,149,278,200,0.71,-10.67,1.92
217803,157,205,150,278,200,0.59,-10.67,1.92
217903,156,205,150,278,200,0.63,-10.75,2
218003,157,205,150,278,201,0.67,-10.63,2.08
218103,156,205,149,278,201,0.78,-10.75,2.12
218203,157,206,149,277,201,0.63,-10.63,1.92
